SEMANTIC_TRANSFORMATION_RULE_ID,TRANSFORMATION_URL,TYPE_OF_TRANSFORMATION,MAINTENANCE_AGENCY_ID,NAME,CODE,DESCRIPTION,ALGORITHM,VALID_FROM,VALID_TO
ACCMLTD_CVRG_RT_TR,https://gitlab.sofa.dev/bird-subgroups/bird-transformation-rules/-/blob/main/FinRep%20subgroup/final%20derivation%20rules/ACCMLTD_CVRG_RT/infosheet.md,D,ECB,Accumulated coverage ratio derivation rule,ACCMLTD_CVRG_RT_TR,This derivation rule aims to obtain the Accumulated coverage ratio from its building blocks.,"SET ACCMLTD_CVRG_RT =
        CASE
            WHEN SBJCT_IMPRMNT_INDCTR = 1 
                AND ACCNTNG_CLSSFCTN IN (14, 45,6, 8,73, 74) 
                THEN ACCMLTD_IMPRMNT/GRSS_CRRYNG_AMNT

            WHEN SBJCT_IMPRMNT_INDCTR = 2 
                AND PRFRMNG_STTS=1 
                AND ACCNTNG_CLSSFCTN IN (4,41,47, 7,9) 
                THEN ACCMLTD_CHNGS_FV_CR/GRSS_CRRYNG_AMNT
    
            WHEN SBJCT_IMPRMNT_INDCTR = 1 
                AND ACCNTNG_CLSSFCTN IN (77,76,9)
                THEN
                    CASE
                        WHEN IMPRMNT_STTS=26 THEN ACCMLTD_CVRG_RT = ACCMLTD_IMPRMNT/GRSS_CRRYNG_AMNT
                        WHEN IMPRMNT_STTS=21 THEN ACCMLTD_CVRG_RT=GNRL_ALLWNCS_BNK_RSK+GNRL_ALLWNCS_CRDT_RSK/GRSS_CRRYNG_AMNT
                    END

            WHEN SBJCT_IMPRMNT_INDCTR=2 
                AND PRFRMNG_STTS=1 
                AND IMPRMNT_STTS=0 
                THEN ACCMLTD_CHNGS_FV_CR/GRSS_CRRYNG_AMNT
            
            ELSE NULL
        END;",2024-02-28,9999-12-31
TRNSFR_IMPRMNT_STGS_TR,https://gitlab.sofa.dev/bird-subgroups/bird-transformation-rules/-/blob/main/FinRep%20subgroup/final%20derivation%20rules/TRNSFR_IMPRMNT_STGS/infosheet.md,D,ECB,Transfer between impairment stages derivation rule,TRNSFR_IMPRMNT_STGS_TR,This derivation rule aims to obtain the Transfer between impairment stages from its building blocks.,"SET TRNSFR_IMPRMNT_STGS =
        CASE
            WHEN INTL_IMPRMNT_STTS = 23
                THEN
                    CASE
                        WHEN IMPRMNT_STTS = 24 THEN 3
                        WHEN IMPRMNT_STTS = 25 THEN 5
                    END

            WHEN INTL_IMPRMNT_STTS = 24
                THEN
                    CASE
                        WHEN IMPRMNT_STTS = 23 THEN 1
                        WHEN IMPRMNT_STTS = 25 THEN 6
                    END

            WHEN INTL_IMPRMNT_STTS = 25
                THEN
                    CASE
                        WHEN IMPRMNT_STTS = 23 THEN 2
                        WHEN IMPRMNT_STTS = 24 THEN 4
                    END
        END;",2024-02-28,9999-12-31
SHRT_PSTN_ACCNTNG_CLSSFCTN_TR,https://gitlab.sofa.dev/bird-subgroups/bird-transformation-rules/-/blob/main/FinRep%20subgroup/final%20derivation%20rules/SHRT_PSTN_ACCNTNG_CLSSFCTN/infosheet.md,D,ECB,Accounting classification for short positions derivation rule,SHRT_PSTN_ACCNTNG_CLSSFCTN_TR,This derivation rule aims to obtain the Accounting classification for short positions from its building blocks.,"SET SHRT_PSTN_ACCNTNG_CLSSFCTN = 
      CASE
        WHEN SHRT_TRDNG_BK_SCRTY_PSTN_ACCNTNG_STNDRD = 4
        THEN 3
        WHEN SHRT_TRDNG_BK_SCRTY_PSTN_ACCNTNG_STNDRD = 3
        THEN 2
        ELSE 'N/A'
      END;",2024-02-28,9999-12-31
TM_SNC_INTL_RCGNTN_TR,https://gitlab.sofa.dev/bird-subgroups/bird-transformation-rules/-/blob/main/FinRep%20subgroup/final%20derivation%20rules/TM_SNC_INTL_RCGNTN/infosheet.md,D,ECB,Time elapsed since initial recognition derivation rule,TM_SNC_INTL_RCGNTN_TR,This derivation rule aims to obtain the Time elapsed since initial recognition from its building blocks.,"SET TM_SNC_RCGNTN = DT_RFRNC - TKN_PSSSSN_DT,
        TM_SNC_INTL_RCGNTN = 
            CASE
                WHEN TM_SNC_RCGNTN/365 > 0 AND TM_SNC_RCGNTN/365 <= 1 THEN 20
                WHEN TM_SNC_RCGNTN/365 > 1 AND TM_SNC_RCGNTN/365 <= 2 THEN 27
                WHEN TM_SNC_RCGNTN/365 > 2 AND TM_SNC_RCGNTN/365 <= 5 THEN 29
                WHEN TM_SNC_RCGNTN/365 > 5 THEN 37
            END;",2024-02-28,9999-12-31
ACCMLTD_WRTFFS_TR,https://gitlab.sofa.dev/bird-subgroups/bird-transformation-rules/-/blob/main/FinRep%20subgroup/final%20derivation%20rules/ACCMLTD_WRTFFS/infosheet.md,D,ECB,Accumulated write-off derivation rule,ACCMLTD_WRTFFS_TR,This derivation rule aims to obtain the Accumulated write-off from its building blocks.,"SET ACCMLTD_TTL_WRTFFS = 
      CASE
        WHEN GRSS_CRRYNG_AMNT = 0 AND CRRYNG_AMNT = 0 THEN ACCMLTD_WRTFFS
        ELSE N/A
      END;

    SET ACCMLTD_PRTL_WRTFFS = 
      CASE
        WHEN CRRYNG_AMNT <> 0 THEN ACCMLTD_WRTFFS
        ELSE N/A
      END;",2024-02-28,9999-12-31
AMNT_DRCGNSD_CPTL_PRPS_TR,https://gitlab.sofa.dev/bird-subgroups/bird-transformation-rules/-/blob/main/FinRep%20subgroup/final%20derivation%20rules/AMNT_DRCGNSD_CPTL_PRPS/infosheet.md,D,ECB,Amounts derecognised for capital purposes derivation rule,AMNT_DRCGNSD_CPTL_PRPS_TR,This derivation rule aims to obtain the Amounts derecognised for capital purposes from its building blocks.,"SET AMNT_DRCGNSD_CPTL_PRPS = 
      CASE
        WHEN SGNFCNT_RSK_TRNSFR_INDCTR = 1
        THEN CRRYNG_AMNT
        ELSE 'N/A'
      END;",2024-02-28,9999-12-31
APPLCTN_FRBRNC_STTS_DT_TR,https://gitlab.sofa.dev/bird-subgroups/bird-transformation-rules/-/blob/main/FinRep%20subgroup/final%20derivation%20rules/APPLCTN_FRBRNC_STTS_DT/infosheet.md,D,ECB,Date/period of application of forbearance measure derivation rule,APPLCTN_FRBRNC_STTS_DT_TR,This derivation rule aims to obtain the Date/period of application of forbearance measure from its building blocks.,"SET APPLCTN_FRBRNC_STTS_DT = 
      CASE
        WHEN DT_FRBRNC_STTS > DATEADD(month,-3,DT_RFRNC) 
        AND DT_FRBRNC_STTS < DT_RFRNC
        THEN 2
        ELSE -1
      END;",2024-02-28,9999-12-31
CLLTRL_VL_UNCPPD_TR,https://gitlab.sofa.dev/bird-subgroups/bird-transformation-rules/-/blob/main/FinRep%20subgroup/final%20derivation%20rules/CLLTRL_VL_UNCPPD/infosheet.md,D,ECB,Allocated collateral value uncapped pre haircuts derivation rule,CLLTRL_VL_UNCPPD_TR,This derivation rule aims to obtain the Allocated collateral value uncapped pre haircuts from its building blocks.,SET CLLTRL_VL_UNCPPD = PRTCTN_ALLCTD_VL + ALLCTD_UNSD_CLLTRL_VL,2024-02-28,9999-12-31
CMMRCL_RL_ESTT_LN_INDCTR_TR,https://gitlab.sofa.dev/bird-subgroups/bird-transformation-rules/-/blob/main/FinRep%20subgroup/final%20derivation%20rules/CMMRCL_RL_ESTT_LN_INDCTR/infosheet.md,D,ECB,Commercial real estate loan indicator derivation rule,CMMRCL_RL_ESTT_LN_INDCTR_TR,This derivation rule aims to obtain the Commercial real estate loan indicator from its building blocks.,"SET CMMRCL_RL_ESTT_LN_INDCTR = 
      CASE
        WHEN TYP_CLLTRL = 10 OR PRPS = 13
        THEN 1
        ELSE 2
      END;",2024-02-28,9999-12-31
CRRNT_LTV_RT_TR,https://gitlab.sofa.dev/bird-subgroups/bird-transformation-rules/-/blob/main/FinRep%20subgroup/final%20derivation%20rules/CRRNT_LTV_RT/infosheet.md,D,ECB,Current loan-to-value ratio derivation rule,CRRNT_LTV_RT_TR,This derivation rule aims to obtain the Current loan-to-value ratio from its building blocks.,SET CRRNT_LTV_RT = NMNL_AMNT / MRKT_VL,2024-02-28,9999-12-31
ACCMLTD_CHNG_NGTV_TR,https://gitlab.sofa.dev/bird-subgroups/bird-transformation-rules/-/blob/main/FinRep%20subgroup/final%20derivation%20rules/ACCMLTD_CHNG_NGTV/infosheet.md,D,ECB,Accumulated negative changes derivation rule,ACCMLTD_CHNG_NGTV_TR,This derivation rule aims to obtain the Accumulated negative changes from its building blocks.,"SET ACCMLTD_CHNG_NGTV =
        CASE
            WHEN TYP_ABSTRCT_INSTRMNT_RL = 71
                AND TKN_PSSSSN_DT > DATEADD(month,-3,DT_RFRNC) 
                AND TKN_PSSSSN_DT < DT_RFRNC
                AND INTL_RCGNTN_VL - CRRYNG_AMNT < 0 
                    THEN INTL_RCGNTN_VL - CRRYNG_AMNT
            ELSE 'N/A'
        END;",2024-02-28,9999-12-31
DFLT_STTS_DRVD_TR,https://gitlab.sofa.dev/bird-subgroups/bird-transformation-rules/-/blob/main/FinRep%20subgroup/final%20derivation%20rules/DFLT_STTS_DRVD/infosheet.md,D,ECB,Derived default status derivation rule,DFLT_STTS_DRVD_TR,This derivation rule aims to obtain the Derived default status from its building blocks.,"SET DFLT_STTS_DRVD = 
      CASE
        WHEN /*INSTRMNT.*/DFLT_STTS IN (18, 19, 20)
        OR /*PRTY.*/DFLT_STTS IN (18, 19, 20)
        THEN 6
        ELSE 14
      END;",2024-02-28,9999-12-31
PRFRMNG_STTS_TR,https://gitlab.sofa.dev/bird-subgroups/bird-transformation-rules/-/blob/main/FinRep%20subgroup/final%20derivation%20rules/PRFRMNG_STTS/infosheet.md,D,ECB,Performing status derivation rule,PRFRMNG_STTS_TR,This derivation rule aims to obtain the Performing status from its building blocks.,"SET PRFRMNG_STTS = 
      CASE
        WHEN PRFRMNG_STTS = 1 
        OR FNNCL_ASST_INSTRMNT_TYP_CRR_123 = 28
        THEN 1
        ELSE 11
      END;",2024-02-28,9999-12-31
WUDEN__BIRD_EXCHNG_TRDBL_DRVTV_PSTN_RL_IL_1__01_01_1990,,G,ECB,WUDEN__BIRD_EXCHNG_TRDBL_DRVTV_PSTN_RL_IL_1__01_01_1990 wuden,WUDEN__BIRD_EXCHNG_TRDBL_DRVTV_PSTN_RL_IL_1__01_01_1990,,,1990-01-01,9999-12-31
WUDEN__BIRD_SHRT_SCRTY_PSTN_PRDNTL_PRTFL_ASSGNMNT_IL_1__01_01_1990,,G,ECB,WUDEN__BIRD_SHRT_SCRTY_PSTN_PRDNTL_PRTFL_ASSGNMNT_IL_1__01_01_1990 wuden,WUDEN__BIRD_SHRT_SCRTY_PSTN_PRDNTL_PRTFL_ASSGNMNT_IL_1__01_01_1990,,,1990-01-01,9999-12-31
WUDEN__BIRD_ETD_LBLTY_PSTN_SNTHTC_SCRTSTN_ASSGNMNT_IL_1__01_01_1990,,G,ECB,WUDEN__BIRD_ETD_LBLTY_PSTN_SNTHTC_SCRTSTN_ASSGNMNT_IL_1__01_01_1990 wuden,WUDEN__BIRD_ETD_LBLTY_PSTN_SNTHTC_SCRTSTN_ASSGNMNT_IL_1__01_01_1990,,,1990-01-01,9999-12-31
WUDEN__BIRD_SGNFCNT_CRRNCY_DPRCTN_CNTNGNT_ENCMBRNC_IL_1__01_01_1990,,G,ECB,WUDEN__BIRD_SGNFCNT_CRRNCY_DPRCTN_CNTNGNT_ENCMBRNC_IL_1__01_01_1990 wuden,WUDEN__BIRD_SGNFCNT_CRRNCY_DPRCTN_CNTNGNT_ENCMBRNC_IL_1__01_01_1990,,,1990-01-01,9999-12-31
WUDEN__BIRD_SCRTY_SCRTY_RPRCHS_AGRMNT_CMPNNT_ASSGNMNT_IL_1__01_01_1990,,G,ECB,WUDEN__BIRD_SCRTY_SCRTY_RPRCHS_AGRMNT_CMPNNT_ASSGNMNT_IL_1__01_01_1990 wuden,WUDEN__BIRD_SCRTY_SCRTY_RPRCHS_AGRMNT_CMPNNT_ASSGNMNT_IL_1__01_01_1990,,,1990-01-01,9999-12-31
WUDEN__BIRD_SCRTY_HDGD_EXCHNG_TRDBL_DRVTV_IL_1__01_01_1990,,G,ECB,WUDEN__BIRD_SCRTY_HDGD_EXCHNG_TRDBL_DRVTV_IL_1__01_01_1990 wuden,WUDEN__BIRD_SCRTY_HDGD_EXCHNG_TRDBL_DRVTV_IL_1__01_01_1990,,,1990-01-01,9999-12-31
WUDEN__BIRD_OTC_DRVTV_INSTRMNT_SNTHTC_SCRTSTN_ASSGNMNT_IL_1__01_01_1990,,G,ECB,WUDEN__BIRD_OTC_DRVTV_INSTRMNT_SNTHTC_SCRTSTN_ASSGNMNT_IL_1__01_01_1990 wuden,WUDEN__BIRD_OTC_DRVTV_INSTRMNT_SNTHTC_SCRTSTN_ASSGNMNT_IL_1__01_01_1990,,,1990-01-01,9999-12-31
WUDEN__BIRD_ASST_PL_EXCHNG_TRDBL_DRVTV_PSTN_ASSGNMNT_IL_1__01_01_1990,,G,ECB,WUDEN__BIRD_ASST_PL_EXCHNG_TRDBL_DRVTV_PSTN_ASSGNMNT_IL_1__01_01_1990 wuden,WUDEN__BIRD_ASST_PL_EXCHNG_TRDBL_DRVTV_PSTN_ASSGNMNT_IL_1__01_01_1990,,,1990-01-01,9999-12-31
WUDEN__BIRD_EXCHNG_TRDBL_DRVTV_PSTN_IL_1__01_01_1990,,G,ECB,WUDEN__BIRD_EXCHNG_TRDBL_DRVTV_PSTN_IL_1__01_01_1990 wuden,WUDEN__BIRD_EXCHNG_TRDBL_DRVTV_PSTN_IL_1__01_01_1990,,,1990-01-01,9999-12-31
WUDEN__BIRD_INTRNL_GRP_RL_IL_1__01_01_1990,,G,ECB,WUDEN__BIRD_INTRNL_GRP_RL_IL_1__01_01_1990 wuden,WUDEN__BIRD_INTRNL_GRP_RL_IL_1__01_01_1990,,,1990-01-01,9999-12-31
WUDEN__BIRD_MSTR_AGRMNT_FNNCL_CNTRCT_ASSGNMNT_IL_1__01_01_1990,,G,ECB,WUDEN__BIRD_MSTR_AGRMNT_FNNCL_CNTRCT_ASSGNMNT_IL_1__01_01_1990 wuden,WUDEN__BIRD_MSTR_AGRMNT_FNNCL_CNTRCT_ASSGNMNT_IL_1__01_01_1990,,,1990-01-01,9999-12-31
WUDEN__BIRD_CRDT_FCLTY_CLLTRL_RCVD_INSTRMNT_ASSGNMNT_IL_1__01_01_1990,,G,ECB,WUDEN__BIRD_CRDT_FCLTY_CLLTRL_RCVD_INSTRMNT_ASSGNMNT_IL_1__01_01_1990 wuden,WUDEN__BIRD_CRDT_FCLTY_CLLTRL_RCVD_INSTRMNT_ASSGNMNT_IL_1__01_01_1990,,,1990-01-01,9999-12-31
WUDEN__BIRD_LNG_SCRTY_PSTN_PRDNTL_PRTFL_ASSGNMNT_RSK_DT_IL_1__01_01_1990,,G,ECB,WUDEN__BIRD_LNG_SCRTY_PSTN_PRDNTL_PRTFL_ASSGNMNT_RSK_DT_IL_1__01_01_1990 wuden,WUDEN__BIRD_LNG_SCRTY_PSTN_PRDNTL_PRTFL_ASSGNMNT_RSK_DT_IL_1__01_01_1990,,,1990-01-01,9999-12-31
WUDEN__BIRD_BLNC_SHT_NTTNG_IL_1__01_01_1990,,G,ECB,WUDEN__BIRD_BLNC_SHT_NTTNG_IL_1__01_01_1990 wuden,WUDEN__BIRD_BLNC_SHT_NTTNG_IL_1__01_01_1990,,,1990-01-01,9999-12-31
WUDEN__BIRD_SCRTY_PSTN_HDGD_OTC_DRVTV_IL_1__01_01_1990,,G,ECB,WUDEN__BIRD_SCRTY_PSTN_HDGD_OTC_DRVTV_IL_1__01_01_1990 wuden,WUDEN__BIRD_SCRTY_PSTN_HDGD_OTC_DRVTV_IL_1__01_01_1990,,,1990-01-01,9999-12-31
WUDEN__BIRD_RTNG_GRD_CNTRY_ASSGNMNT_IL_1__01_01_1990,,G,ECB,WUDEN__BIRD_RTNG_GRD_CNTRY_ASSGNMNT_IL_1__01_01_1990 wuden,WUDEN__BIRD_RTNG_GRD_CNTRY_ASSGNMNT_IL_1__01_01_1990,,,1990-01-01,9999-12-31
WUDEN__BIRD_NN_FNNCL_LBLTY_IL_1__01_01_1990,,G,ECB,WUDEN__BIRD_NN_FNNCL_LBLTY_IL_1__01_01_1990 wuden,WUDEN__BIRD_NN_FNNCL_LBLTY_IL_1__01_01_1990,,,1990-01-01,9999-12-31
WUDEN__BIRD_SNTHTC_SCRTSTN_IL_1__01_01_1990,,G,ECB,WUDEN__BIRD_SNTHTC_SCRTSTN_IL_1__01_01_1990 wuden,WUDEN__BIRD_SNTHTC_SCRTSTN_IL_1__01_01_1990,,,1990-01-01,9999-12-31
WUDEN__BIRD_SCRTY_ENTTY_RL_ASSGNMNT_IL_1__01_01_1990,,G,ECB,WUDEN__BIRD_SCRTY_ENTTY_RL_ASSGNMNT_IL_1__01_01_1990 wuden,WUDEN__BIRD_SCRTY_ENTTY_RL_ASSGNMNT_IL_1__01_01_1990,,,1990-01-01,9999-12-31
WUDEN__BIRD_RTNG_GRD_IL_1__01_01_1990,,G,ECB,WUDEN__BIRD_RTNG_GRD_IL_1__01_01_1990 wuden,WUDEN__BIRD_RTNG_GRD_IL_1__01_01_1990,,,1990-01-01,9999-12-31
WUDEN__BIRD_DBT_SCRTY_ISSD_TRDTNL_SCRTSTN_ASSGNMNT_IL_1__01_01_1990,,G,ECB,WUDEN__BIRD_DBT_SCRTY_ISSD_TRDTNL_SCRTSTN_ASSGNMNT_IL_1__01_01_1990 wuden,WUDEN__BIRD_DBT_SCRTY_ISSD_TRDTNL_SCRTSTN_ASSGNMNT_IL_1__01_01_1990,,,1990-01-01,9999-12-31
WUDEN__BIRD_CRDT_RSK_MTGTN_ASSGNMNT_IL_1__01_01_1990,,G,ECB,WUDEN__BIRD_CRDT_RSK_MTGTN_ASSGNMNT_IL_1__01_01_1990 wuden,WUDEN__BIRD_CRDT_RSK_MTGTN_ASSGNMNT_IL_1__01_01_1990,,,1990-01-01,9999-12-31
WUDEN__BIRD_OTC_DRVTV_HDG_IL_1__01_01_1990,,G,ECB,WUDEN__BIRD_OTC_DRVTV_HDG_IL_1__01_01_1990 wuden,WUDEN__BIRD_OTC_DRVTV_HDG_IL_1__01_01_1990,,,1990-01-01,9999-12-31
WUDEN__BIRD_PRTY_CD_IL_1__01_01_1990,,G,ECB,WUDEN__BIRD_PRTY_CD_IL_1__01_01_1990 wuden,WUDEN__BIRD_PRTY_CD_IL_1__01_01_1990,,,1990-01-01,9999-12-31
WUDEN__BIRD_FNNCL_CNTRCT_IL_1__01_01_1990,,G,ECB,WUDEN__BIRD_FNNCL_CNTRCT_IL_1__01_01_1990 wuden,WUDEN__BIRD_FNNCL_CNTRCT_IL_1__01_01_1990,,,1990-01-01,9999-12-31
WUDEN__BIRD_FNNCL_GRNT_INSTRMNT_DBT_SCRT_DBT_SCRTY_ASSGNMNT_IL_1__01_01_1990,,G,ECB,WUDEN__BIRD_FNNCL_GRNT_INSTRMNT_DBT_SCRT_DBT_SCRTY_ASSGNMNT_IL_1__01_01_1990 wuden,WUDEN__BIRD_FNNCL_GRNT_INSTRMNT_DBT_SCRT_DBT_SCRTY_ASSGNMNT_IL_1__01_01_1990,,,1990-01-01,9999-12-31
WUDEN__BIRD_INSTRMNT_CLLTRL_ASSGNMNT_IL_1__01_01_1990,,G,ECB,WUDEN__BIRD_INSTRMNT_CLLTRL_ASSGNMNT_IL_1__01_01_1990 wuden,WUDEN__BIRD_INSTRMNT_CLLTRL_ASSGNMNT_IL_1__01_01_1990,,,1990-01-01,9999-12-31
WUDEN__BIRD_RTNG_SYSTM_APPLD_LGL_PRSN_IL_1__01_01_1990,,G,ECB,WUDEN__BIRD_RTNG_SYSTM_APPLD_LGL_PRSN_IL_1__01_01_1990 wuden,WUDEN__BIRD_RTNG_SYSTM_APPLD_LGL_PRSN_IL_1__01_01_1990,,,1990-01-01,9999-12-31
WUDEN__BIRD_LN_EXCLDNG_RPRCHS_AGRMNT_AND_ADVNC_HDG_IL_1__01_01_1990,,G,ECB,WUDEN__BIRD_LN_EXCLDNG_RPRCHS_AGRMNT_AND_ADVNC_HDG_IL_1__01_01_1990 wuden,WUDEN__BIRD_LN_EXCLDNG_RPRCHS_AGRMNT_AND_ADVNC_HDG_IL_1__01_01_1990,,,1990-01-01,9999-12-31
WUDEN__BIRD_CLLTRL_GVN_INSTRMNT_DBT_SCRTY_ISSD_ASSGNMNT_IL_1__01_01_1990,,G,ECB,WUDEN__BIRD_CLLTRL_GVN_INSTRMNT_DBT_SCRTY_ISSD_ASSGNMNT_IL_1__01_01_1990 wuden,WUDEN__BIRD_CLLTRL_GVN_INSTRMNT_DBT_SCRTY_ISSD_ASSGNMNT_IL_1__01_01_1990,,,1990-01-01,9999-12-31
WUDEN__BIRD_ASST_PL_DBT_SCRTY_PSTN_ASSGNMNT_IL_1__01_01_1990,,G,ECB,WUDEN__BIRD_ASST_PL_DBT_SCRTY_PSTN_ASSGNMNT_IL_1__01_01_1990 wuden,WUDEN__BIRD_ASST_PL_DBT_SCRTY_PSTN_ASSGNMNT_IL_1__01_01_1990,,,1990-01-01,9999-12-31
WUDEN__BIRD_CRDT_FCLTY_CLLTRL_ASSGNMNT_IL_1__01_01_1990,,G,ECB,WUDEN__BIRD_CRDT_FCLTY_CLLTRL_ASSGNMNT_IL_1__01_01_1990 wuden,WUDEN__BIRD_CRDT_FCLTY_CLLTRL_ASSGNMNT_IL_1__01_01_1990,,,1990-01-01,9999-12-31
WUDEN__BIRD_OTHR_PRTY_ID_IL_1__01_01_1990,,G,ECB,WUDEN__BIRD_OTHR_PRTY_ID_IL_1__01_01_1990 wuden,WUDEN__BIRD_OTHR_PRTY_ID_IL_1__01_01_1990,,,1990-01-01,9999-12-31
WUDEN__BIRD_SCRTY_LNDNG_CMPNNT_SCRTY_ASSGNMNT_IL_1__01_01_1990,,G,ECB,WUDEN__BIRD_SCRTY_LNDNG_CMPNNT_SCRTY_ASSGNMNT_IL_1__01_01_1990 wuden,WUDEN__BIRD_SCRTY_LNDNG_CMPNNT_SCRTY_ASSGNMNT_IL_1__01_01_1990,,,1990-01-01,9999-12-31
WUDEN__BIRD_RTNG_AGNCY_EXCSS_MTHDLGY_CVRD_BND_PRGRMM_ASSGNMNT_IL_1__01_01_1990,,G,ECB,WUDEN__BIRD_RTNG_AGNCY_EXCSS_MTHDLGY_CVRD_BND_PRGRMM_ASSGNMNT_IL_1__01_01_1990 wuden,WUDEN__BIRD_RTNG_AGNCY_EXCSS_MTHDLGY_CVRD_BND_PRGRMM_ASSGNMNT_IL_1__01_01_1990,,,1990-01-01,9999-12-31
WUDEN__BIRD_IMMDT_PRNT_ENTRPRS_ASSGNMNT_IL_1__01_01_1990,,G,ECB,WUDEN__BIRD_IMMDT_PRNT_ENTRPRS_ASSGNMNT_IL_1__01_01_1990 wuden,WUDEN__BIRD_IMMDT_PRNT_ENTRPRS_ASSGNMNT_IL_1__01_01_1990,,,1990-01-01,9999-12-31
WUDEN__BIRD_CVRD_BND_PRGRMM_RLVNT_RGM_EXCSS_IL_1__01_01_1990,,G,ECB,WUDEN__BIRD_CVRD_BND_PRGRMM_RLVNT_RGM_EXCSS_IL_1__01_01_1990 wuden,WUDEN__BIRD_CVRD_BND_PRGRMM_RLVNT_RGM_EXCSS_IL_1__01_01_1990,,,1990-01-01,9999-12-31
WUDEN__BIRD_PRTCTN_PRTCTN_PRVD_ASSGNMNT_IL_1__01_01_1990,,G,ECB,WUDEN__BIRD_PRTCTN_PRTCTN_PRVD_ASSGNMNT_IL_1__01_01_1990 wuden,WUDEN__BIRD_PRTCTN_PRTCTN_PRVD_ASSGNMNT_IL_1__01_01_1990,,,1990-01-01,9999-12-31
WUDEN__BIRD_CLLTRL_RL_IL_1__01_01_1990,,G,ECB,WUDEN__BIRD_CLLTRL_RL_IL_1__01_01_1990 wuden,WUDEN__BIRD_CLLTRL_RL_IL_1__01_01_1990,,,1990-01-01,9999-12-31
WUDEN__BIRD_RTNG_GRD_ISS_BSD_RTNG_SSTM_DBT_SCRTY_ASSGNMNT_IL_1__01_01_1990,,G,ECB,WUDEN__BIRD_RTNG_GRD_ISS_BSD_RTNG_SSTM_DBT_SCRTY_ASSGNMNT_IL_1__01_01_1990 wuden,WUDEN__BIRD_RTNG_GRD_ISS_BSD_RTNG_SSTM_DBT_SCRTY_ASSGNMNT_IL_1__01_01_1990,,,1990-01-01,9999-12-31
WUDEN__BIRD_FR_VL_DCRS_CNTNGNT_ENCMBRNC_IL_1__01_01_1990,,G,ECB,WUDEN__BIRD_FR_VL_DCRS_CNTNGNT_ENCMBRNC_IL_1__01_01_1990 wuden,WUDEN__BIRD_FR_VL_DCRS_CNTNGNT_ENCMBRNC_IL_1__01_01_1990,,,1990-01-01,9999-12-31
WUDEN__BIRD_RTNG_AGNCY_IL_1__01_01_1990,,G,ECB,WUDEN__BIRD_RTNG_AGNCY_IL_1__01_01_1990 wuden,WUDEN__BIRD_RTNG_AGNCY_IL_1__01_01_1990,,,1990-01-01,9999-12-31
WUDEN__BIRD_SYNDCTD_CNTRCT_IL_1__01_01_1990,,G,ECB,WUDEN__BIRD_SYNDCTD_CNTRCT_IL_1__01_01_1990 wuden,WUDEN__BIRD_SYNDCTD_CNTRCT_IL_1__01_01_1990,,,1990-01-01,9999-12-31
WUDEN__BIRD_RTNG_GRD_ISS_BSD_RTNG_SSTM_DBT_SCRTY_ASSGNMNT_EIL_1__01_01_1990,,G,ECB,WUDEN__BIRD_RTNG_GRD_ISS_BSD_RTNG_SSTM_DBT_SCRTY_ASSGNMNT_EIL_1__01_01_1990 wuden,WUDEN__BIRD_RTNG_GRD_ISS_BSD_RTNG_SSTM_DBT_SCRTY_ASSGNMNT_EIL_1__01_01_1990,,,1990-01-01,9999-12-31
WUDEN__BIRD_FR_VL_DCRS_CNTNGNT_ENCMBRNC_EIL_1__01_01_1990,,G,ECB,WUDEN__BIRD_FR_VL_DCRS_CNTNGNT_ENCMBRNC_EIL_1__01_01_1990 wuden,WUDEN__BIRD_FR_VL_DCRS_CNTNGNT_ENCMBRNC_EIL_1__01_01_1990,,,1990-01-01,9999-12-31
WUDEN__BIRD_CVRD_BND_PRGRMM_RLVNT_RGM_EXCSS_EIL_1__01_01_1990,,G,ECB,WUDEN__BIRD_CVRD_BND_PRGRMM_RLVNT_RGM_EXCSS_EIL_1__01_01_1990 wuden,WUDEN__BIRD_CVRD_BND_PRGRMM_RLVNT_RGM_EXCSS_EIL_1__01_01_1990,,,1990-01-01,9999-12-31
WUDEN__BIRD_FNDMNTL_RVW_TRDNG_BK_STNDRD_APPRCH_RSK_MSR_OTC_PSTNS_EIL_1__01_01_1990,,G,ECB,WUDEN__BIRD_FNDMNTL_RVW_TRDNG_BK_STNDRD_APPRCH_RSK_MSR_OTC_PSTNS_EIL_1__01_01_1990 wuden,WUDEN__BIRD_FNDMNTL_RVW_TRDNG_BK_STNDRD_APPRCH_RSK_MSR_OTC_PSTNS_EIL_1__01_01_1990,,,1990-01-01,9999-12-31
WUDEN__BIRD_RTNG_AGNCY_EIL_1__01_01_1990,,G,ECB,WUDEN__BIRD_RTNG_AGNCY_EIL_1__01_01_1990 wuden,WUDEN__BIRD_RTNG_AGNCY_EIL_1__01_01_1990,,,1990-01-01,9999-12-31
WUDEN__BIRD_SYNDCTD_CNTRCT_EIL_1__01_01_1990,,G,ECB,WUDEN__BIRD_SYNDCTD_CNTRCT_EIL_1__01_01_1990 wuden,WUDEN__BIRD_SYNDCTD_CNTRCT_EIL_1__01_01_1990,,,1990-01-01,9999-12-31
WUDEN__BIRD_INSTRMNT_ENTTY_RL_ASSGNMNT_IL_1__01_01_1990,,G,ECB,WUDEN__BIRD_INSTRMNT_ENTTY_RL_ASSGNMNT_IL_1__01_01_1990 wuden,WUDEN__BIRD_INSTRMNT_ENTTY_RL_ASSGNMNT_IL_1__01_01_1990,,,1990-01-01,9999-12-31
WUDEN__BIRD_LNG_SCRTY_PSTN_PRTCTN_ARRNGMNT_GVN_ASSGNMNT_IL_1__01_01_1990,,G,ECB,WUDEN__BIRD_LNG_SCRTY_PSTN_PRTCTN_ARRNGMNT_GVN_ASSGNMNT_IL_1__01_01_1990 wuden,WUDEN__BIRD_LNG_SCRTY_PSTN_PRTCTN_ARRNGMNT_GVN_ASSGNMNT_IL_1__01_01_1990,,,1990-01-01,9999-12-31
WUDEN__BIRD_NN_FNNCL_ASST_IL_1__01_01_1990,,G,ECB,WUDEN__BIRD_NN_FNNCL_ASST_IL_1__01_01_1990 wuden,WUDEN__BIRD_NN_FNNCL_ASST_IL_1__01_01_1990,,,1990-01-01,9999-12-31
WUDEN__BIRD_INTRST_RT_RSK_HDG_PRTFL_IL_1__01_01_1990,,G,ECB,WUDEN__BIRD_INTRST_RT_RSK_HDG_PRTFL_IL_1__01_01_1990 wuden,WUDEN__BIRD_INTRST_RT_RSK_HDG_PRTFL_IL_1__01_01_1990,,,1990-01-01,9999-12-31
WUDEN__BIRD_INSTRMNT_RL_IL_1__01_01_1990,,G,ECB,WUDEN__BIRD_INSTRMNT_RL_IL_1__01_01_1990 wuden,WUDEN__BIRD_INSTRMNT_RL_IL_1__01_01_1990,,,1990-01-01,9999-12-31
WUDEN__BIRD_TRDTNL_SCRTSTN_IL_1__01_01_1990,,G,ECB,WUDEN__BIRD_TRDTNL_SCRTSTN_IL_1__01_01_1990 wuden,WUDEN__BIRD_TRDTNL_SCRTSTN_IL_1__01_01_1990,,,1990-01-01,9999-12-31
WUDEN__BIRD_EQT_INSTRMNT_NT_SCRT_HDG_IL_1__01_01_1990,,G,ECB,WUDEN__BIRD_EQT_INSTRMNT_NT_SCRT_HDG_IL_1__01_01_1990 wuden,WUDEN__BIRD_EQT_INSTRMNT_NT_SCRT_HDG_IL_1__01_01_1990,,,1990-01-01,9999-12-31
WUDEN__BIRD_LNG_EQTY_FND_SCRYT_PSTN_ENCMBRNC_DT_IL_1__01_01_1990,,G,ECB,WUDEN__BIRD_LNG_EQTY_FND_SCRYT_PSTN_ENCMBRNC_DT_IL_1__01_01_1990 wuden,WUDEN__BIRD_LNG_EQTY_FND_SCRYT_PSTN_ENCMBRNC_DT_IL_1__01_01_1990,,,1990-01-01,9999-12-31
WUDEN__BIRD_NTRL_PRSN_KY_MNGMNT_PRSNLL_ASSGNMNT_IL_1__01_01_1990,,G,ECB,WUDEN__BIRD_NTRL_PRSN_KY_MNGMNT_PRSNLL_ASSGNMNT_IL_1__01_01_1990 wuden,WUDEN__BIRD_NTRL_PRSN_KY_MNGMNT_PRSNLL_ASSGNMNT_IL_1__01_01_1990,,,1990-01-01,9999-12-31
WUDEN__BIRD_CLLTRL_NN_FNNCL_ASST_ASSGNMNT_IL_1__01_01_1990,,G,ECB,WUDEN__BIRD_CLLTRL_NN_FNNCL_ASST_ASSGNMNT_IL_1__01_01_1990 wuden,WUDEN__BIRD_CLLTRL_NN_FNNCL_ASST_ASSGNMNT_IL_1__01_01_1990,,,1990-01-01,9999-12-31
WUDEN__BIRD_SCRTY_PSTN_IL_1__01_01_1990,,G,ECB,WUDEN__BIRD_SCRTY_PSTN_IL_1__01_01_1990 wuden,WUDEN__BIRD_SCRTY_PSTN_IL_1__01_01_1990,,,1990-01-01,9999-12-31
WUDEN__BIRD_INSTRMNT_IL_1__01_01_1990,,G,ECB,WUDEN__BIRD_INSTRMNT_IL_1__01_01_1990 wuden,WUDEN__BIRD_INSTRMNT_IL_1__01_01_1990,,,1990-01-01,9999-12-31
WUDEN__BIRD_SCRTY_EXCHNG_TRDBL_DRVTV_IL_1__01_01_1990,,G,ECB,WUDEN__BIRD_SCRTY_EXCHNG_TRDBL_DRVTV_IL_1__01_01_1990 wuden,WUDEN__BIRD_SCRTY_EXCHNG_TRDBL_DRVTV_IL_1__01_01_1990,,,1990-01-01,9999-12-31
WUDEN__BIRD_PRTY_IL_1__01_01_1990,,G,ECB,WUDEN__BIRD_PRTY_IL_1__01_01_1990 wuden,WUDEN__BIRD_PRTY_IL_1__01_01_1990,,,1990-01-01,9999-12-31
WUDEN__BIRD_DBT_SCRTY_ISSD_HDG_IL_1__01_01_1990,,G,ECB,WUDEN__BIRD_DBT_SCRTY_ISSD_HDG_IL_1__01_01_1990 wuden,WUDEN__BIRD_DBT_SCRTY_ISSD_HDG_IL_1__01_01_1990,,,1990-01-01,9999-12-31
WUDEN__BIRD_DBT_SCRTY_ISSD_PRTCN_ARRNGMNT_GVN_ASSGNMNT_IL_1__01_01_1990,,G,ECB,WUDEN__BIRD_DBT_SCRTY_ISSD_PRTCN_ARRNGMNT_GVN_ASSGNMNT_IL_1__01_01_1990 wuden,WUDEN__BIRD_DBT_SCRTY_ISSD_PRTCN_ARRNGMNT_GVN_ASSGNMNT_IL_1__01_01_1990,,,1990-01-01,9999-12-31
WUDEN__BIRD_ENTTY_RL_IL_1__01_01_1990,,G,ECB,WUDEN__BIRD_ENTTY_RL_IL_1__01_01_1990 wuden,WUDEN__BIRD_ENTTY_RL_IL_1__01_01_1990,,,1990-01-01,9999-12-31
WUDEN__BIRD_INSTRMNT_CLLTRL_RCVD_INSTRMNT_ASSGNMNT_IL_1__01_01_1990,,G,ECB,WUDEN__BIRD_INSTRMNT_CLLTRL_RCVD_INSTRMNT_ASSGNMNT_IL_1__01_01_1990 wuden,WUDEN__BIRD_INSTRMNT_CLLTRL_RCVD_INSTRMNT_ASSGNMNT_IL_1__01_01_1990,,,1990-01-01,9999-12-31
WUDEN__BIRD_LNG_SCRTY_PSTN_PRDNTL_PRTFL_ASSGNMNT_IL_1__01_01_1990,,G,ECB,WUDEN__BIRD_LNG_SCRTY_PSTN_PRDNTL_PRTFL_ASSGNMNT_IL_1__01_01_1990 wuden,WUDEN__BIRD_LNG_SCRTY_PSTN_PRDNTL_PRTFL_ASSGNMNT_IL_1__01_01_1990,,,1990-01-01,9999-12-31
WUDEN__BIRD_CRDT_FCLTY_ENTTY_RL_ASSGNMNT_IL_1__01_01_1990,,G,ECB,WUDEN__BIRD_CRDT_FCLTY_ENTTY_RL_ASSGNMNT_IL_1__01_01_1990 wuden,WUDEN__BIRD_CRDT_FCLTY_ENTTY_RL_ASSGNMNT_IL_1__01_01_1990,,,1990-01-01,9999-12-31
WUDEN__BIRD_RSK_FAC_SA_IL_1__01_01_1990,,G,ECB,WUDEN__BIRD_RSK_FAC_SA_IL_1__01_01_1990 wuden,WUDEN__BIRD_RSK_FAC_SA_IL_1__01_01_1990,,,1990-01-01,9999-12-31
WUDEN__BIRD_INSTRMNT_HDGD_OTC_DRVTV_IL_1__01_01_1990,,G,ECB,WUDEN__BIRD_INSTRMNT_HDGD_OTC_DRVTV_IL_1__01_01_1990 wuden,WUDEN__BIRD_INSTRMNT_HDGD_OTC_DRVTV_IL_1__01_01_1990,,,1990-01-01,9999-12-31
WUDEN__BIRD_PRTNR_ENTRPRS_ASSGNMNT_IL_1__01_01_1990,,G,ECB,WUDEN__BIRD_PRTNR_ENTRPRS_ASSGNMNT_IL_1__01_01_1990 wuden,WUDEN__BIRD_PRTNR_ENTRPRS_ASSGNMNT_IL_1__01_01_1990,,,1990-01-01,9999-12-31
WUDEN__BIRD_RTNG_GRD_CNTRL_BNK_PRVT_SCTR_CMPN_ASSGNMNT_IL_1__01_01_1990,,G,ECB,WUDEN__BIRD_RTNG_GRD_CNTRL_BNK_PRVT_SCTR_CMPN_ASSGNMNT_IL_1__01_01_1990 wuden,WUDEN__BIRD_RTNG_GRD_CNTRL_BNK_PRVT_SCTR_CMPN_ASSGNMNT_IL_1__01_01_1990,,,1990-01-01,9999-12-31
WUDEN__BIRD_PRTY_PRVS_PRD_DT_IL_1__01_01_1990,,G,ECB,WUDEN__BIRD_PRTY_PRVS_PRD_DT_IL_1__01_01_1990 wuden,WUDEN__BIRD_PRTY_PRVS_PRD_DT_IL_1__01_01_1990,,,1990-01-01,9999-12-31
WUDEN__BIRD_LNG_NN_NGTBL_SCRTY_PSTN_CLLTRL_ASSGNMNT_IL_1__01_01_1990,,G,ECB,WUDEN__BIRD_LNG_NN_NGTBL_SCRTY_PSTN_CLLTRL_ASSGNMNT_IL_1__01_01_1990 wuden,WUDEN__BIRD_LNG_NN_NGTBL_SCRTY_PSTN_CLLTRL_ASSGNMNT_IL_1__01_01_1990,,,1990-01-01,9999-12-31
WUDEN__BIRD_PRTCTN_ARRNGMNT_IL_1__01_01_1990,,G,ECB,WUDEN__BIRD_PRTCTN_ARRNGMNT_IL_1__01_01_1990 wuden,WUDEN__BIRD_PRTCTN_ARRNGMNT_IL_1__01_01_1990,,,1990-01-01,9999-12-31
WUDEN__BIRD_RTNG_SYSTM_IL_1__01_01_1990,,G,ECB,WUDEN__BIRD_RTNG_SYSTM_IL_1__01_01_1990 wuden,WUDEN__BIRD_RTNG_SYSTM_IL_1__01_01_1990,,,1990-01-01,9999-12-31
WUDEN__BIRD_MSTR_AGRMNT_IL_1__01_01_1990,,G,ECB,WUDEN__BIRD_MSTR_AGRMNT_IL_1__01_01_1990 wuden,WUDEN__BIRD_MSTR_AGRMNT_IL_1__01_01_1990,,,1990-01-01,9999-12-31
WUDEN__BIRD_CSH_HND_IL_1__01_01_1990,,G,ECB,WUDEN__BIRD_CSH_HND_IL_1__01_01_1990 wuden,WUDEN__BIRD_CSH_HND_IL_1__01_01_1990,,,1990-01-01,9999-12-31
WUDEN__BIRD_PRTCTN_ARRNGMNT_RL_IL_1__01_01_1990,,G,ECB,WUDEN__BIRD_PRTCTN_ARRNGMNT_RL_IL_1__01_01_1990 wuden,WUDEN__BIRD_PRTCTN_ARRNGMNT_RL_IL_1__01_01_1990,,,1990-01-01,9999-12-31
WUDEN__BIRD_LNKD_ENTRPRS_ASSGNMNT_IL_1__01_01_1990,,G,ECB,WUDEN__BIRD_LNKD_ENTRPRS_ASSGNMNT_IL_1__01_01_1990 wuden,WUDEN__BIRD_LNKD_ENTRPRS_ASSGNMNT_IL_1__01_01_1990,,,1990-01-01,9999-12-31
WUDEN__BIRD_ASST_PL_IL_1__01_01_1990,,G,ECB,WUDEN__BIRD_ASST_PL_IL_1__01_01_1990 wuden,WUDEN__BIRD_ASST_PL_IL_1__01_01_1990,,,1990-01-01,9999-12-31
WUDEN__BIRD_CLLTRL_IL_1__01_01_1990,,G,ECB,WUDEN__BIRD_CLLTRL_IL_1__01_01_1990 wuden,WUDEN__BIRD_CLLTRL_IL_1__01_01_1990,,,1990-01-01,9999-12-31
WUDEN__BIRD_RPRCHS_AGRMNT_CMPNNT_IL_1__01_01_1990,,G,ECB,WUDEN__BIRD_RPRCHS_AGRMNT_CMPNNT_IL_1__01_01_1990 wuden,WUDEN__BIRD_RPRCHS_AGRMNT_CMPNNT_IL_1__01_01_1990,,,1990-01-01,9999-12-31
WUDEN__BIRD_CRDT_FCLTY_IL_1__01_01_1990,,G,ECB,WUDEN__BIRD_CRDT_FCLTY_IL_1__01_01_1990 wuden,WUDEN__BIRD_CRDT_FCLTY_IL_1__01_01_1990,,,1990-01-01,9999-12-31
WUDEN__BIRD_DBT_SCRTY_ISSD_IL_1__01_01_1990,,G,ECB,WUDEN__BIRD_DBT_SCRTY_ISSD_IL_1__01_01_1990 wuden,WUDEN__BIRD_DBT_SCRTY_ISSD_IL_1__01_01_1990,,,1990-01-01,9999-12-31
WUDEN__BIRD_CVRD_BND_PRGRM_IL_1__01_01_1990,,G,ECB,WUDEN__BIRD_CVRD_BND_PRGRM_IL_1__01_01_1990 wuden,WUDEN__BIRD_CVRD_BND_PRGRM_IL_1__01_01_1990,,,1990-01-01,9999-12-31
WUDEN__BIRD_INSTRMNT_HDGD_EXCHNG_TRDBL_DRVTV_IL_1__01_01_1990,,G,ECB,WUDEN__BIRD_INSTRMNT_HDGD_EXCHNG_TRDBL_DRVTV_IL_1__01_01_1990 wuden,WUDEN__BIRD_INSTRMNT_HDGD_EXCHNG_TRDBL_DRVTV_IL_1__01_01_1990,,,1990-01-01,9999-12-31
WUDEN__BIRD_GRP_IL_1__01_01_1990,,G,ECB,WUDEN__BIRD_GRP_IL_1__01_01_1990 wuden,WUDEN__BIRD_GRP_IL_1__01_01_1990,,,1990-01-01,9999-12-31
WUDEN__BIRD_TRNCH_SYNTHTC_SCRTSTN_WTHT_SSPE_FNNCL_GRNT_IL_1__01_01_1990,,G,ECB,WUDEN__BIRD_TRNCH_SYNTHTC_SCRTSTN_WTHT_SSPE_FNNCL_GRNT_IL_1__01_01_1990 wuden,WUDEN__BIRD_TRNCH_SYNTHTC_SCRTSTN_WTHT_SSPE_FNNCL_GRNT_IL_1__01_01_1990,,,1990-01-01,9999-12-31
WUDEN__BIRD_TRNCH_SYNTHTC_SCRTSTN_WTHT_SSPE_DPST_IL_1__01_01_1990,,G,ECB,WUDEN__BIRD_TRNCH_SYNTHTC_SCRTSTN_WTHT_SSPE_DPST_IL_1__01_01_1990 wuden,WUDEN__BIRD_TRNCH_SYNTHTC_SCRTSTN_WTHT_SSPE_DPST_IL_1__01_01_1990,,,1990-01-01,9999-12-31
WUDEN__BIRD_LNG_SCRTY_PSTN_HDG_IL_1__01_01_1990,,G,ECB,WUDEN__BIRD_LNG_SCRTY_PSTN_HDG_IL_1__01_01_1990 wuden,WUDEN__BIRD_LNG_SCRTY_PSTN_HDG_IL_1__01_01_1990,,,1990-01-01,9999-12-31
WUDEN__BIRD_ASST_PL_CLLTRL_RCVD_ASSGNMNT_IL_1__01_01_1990,,G,ECB,WUDEN__BIRD_ASST_PL_CLLTRL_RCVD_ASSGNMNT_IL_1__01_01_1990 wuden,WUDEN__BIRD_ASST_PL_CLLTRL_RCVD_ASSGNMNT_IL_1__01_01_1990,,,1990-01-01,9999-12-31
WUDEN__BIRD_SCTRY_BRRWNG_LNDNG_TRNSCTN_INCLDNG_CSH_CLLTRL_IL_1__01_01_1990,,G,ECB,WUDEN__BIRD_SCTRY_BRRWNG_LNDNG_TRNSCTN_INCLDNG_CSH_CLLTRL_IL_1__01_01_1990 wuden,WUDEN__BIRD_SCTRY_BRRWNG_LNDNG_TRNSCTN_INCLDNG_CSH_CLLTRL_IL_1__01_01_1990,,,1990-01-01,9999-12-31
WUDEN__BIRD_EXCHNG_TRDBL_DRVTV_PSTN_PRTCN_ARRNGMNT_ASSGNMNT_IL_1__01_01_1990,,G,ECB,WUDEN__BIRD_EXCHNG_TRDBL_DRVTV_PSTN_PRTCN_ARRNGMNT_ASSGNMNT_IL_1__01_01_1990 wuden,WUDEN__BIRD_EXCHNG_TRDBL_DRVTV_PSTN_PRTCN_ARRNGMNT_ASSGNMNT_IL_1__01_01_1990,,,1990-01-01,9999-12-31
WUDEN__BIRD_INSTRMNT_PRTCTN_ARRNGMNT_ASSGNMNT_IL_1__01_01_1990,,G,ECB,WUDEN__BIRD_INSTRMNT_PRTCTN_ARRNGMNT_ASSGNMNT_IL_1__01_01_1990 wuden,WUDEN__BIRD_INSTRMNT_PRTCTN_ARRNGMNT_ASSGNMNT_IL_1__01_01_1990,,,1990-01-01,9999-12-31
WUDEN__BIRD_MSTR_AGRMNT_ENTTY_RL_ASSGNMNT_IL_1__01_01_1990,,G,ECB,WUDEN__BIRD_MSTR_AGRMNT_ENTTY_RL_ASSGNMNT_IL_1__01_01_1990 wuden,WUDEN__BIRD_MSTR_AGRMNT_ENTTY_RL_ASSGNMNT_IL_1__01_01_1990,,,1990-01-01,9999-12-31
WUDEN__BIRD_LNG_SCRTY_PSTN_PRDNTL_PRTFL_ASSGNMNT_ACCNTNG_CLSSFCTN_FNNCL_ASSTS_ASSGNMNT_IL_1__01_01_1990,,G,ECB,WUDEN__BIRD_LNG_SCRTY_PSTN_PRDNTL_PRTFL_ASSGNMNT_ACCNTNG_CLSSFCTN_FNNCL_ASSTS_ASSGNMNT_IL_1__01_01_1990 wuden,WUDEN__BIRD_LNG_SCRTY_PSTN_PRDNTL_PRTFL_ASSGNMNT_ACCNTNG_CLSSFCTN_FNNCL_ASSTS_ASSGNMNT_IL_1__01_01_1990,,,1990-01-01,9999-12-31
WUDEN__BIRD_TRNCH_TRDTNL_SCRTSTN_IL_1__01_01_1990,,G,ECB,WUDEN__BIRD_TRNCH_TRDTNL_SCRTSTN_IL_1__01_01_1990 wuden,WUDEN__BIRD_TRNCH_TRDTNL_SCRTSTN_IL_1__01_01_1990,,,1990-01-01,9999-12-31
WUDEN__BIRD_INSTRMNT_ENTTY_RL_ASSGNMNT_EIL_1__01_01_1990,,G,ECB,WUDEN__BIRD_INSTRMNT_ENTTY_RL_ASSGNMNT_EIL_1__01_01_1990 wuden,WUDEN__BIRD_INSTRMNT_ENTTY_RL_ASSGNMNT_EIL_1__01_01_1990,,,1990-01-01,9999-12-31
WUDEN__BIRD_LNG_SCRTY_PSTN_PRTCTN_ARRNGMNT_GVN_ASSGNMNT_EIL_1__01_01_1990,,G,ECB,WUDEN__BIRD_LNG_SCRTY_PSTN_PRTCTN_ARRNGMNT_GVN_ASSGNMNT_EIL_1__01_01_1990 wuden,WUDEN__BIRD_LNG_SCRTY_PSTN_PRTCTN_ARRNGMNT_GVN_ASSGNMNT_EIL_1__01_01_1990,,,1990-01-01,9999-12-31
WUDEN__BIRD_NN_FNNCL_ASST_EIL_1__01_01_1990,,G,ECB,WUDEN__BIRD_NN_FNNCL_ASST_EIL_1__01_01_1990 wuden,WUDEN__BIRD_NN_FNNCL_ASST_EIL_1__01_01_1990,,,1990-01-01,9999-12-31
WUDEN__BIRD_INTRST_RT_RSK_HDG_PRTFL_EIL_1__01_01_1990,,G,ECB,WUDEN__BIRD_INTRST_RT_RSK_HDG_PRTFL_EIL_1__01_01_1990 wuden,WUDEN__BIRD_INTRST_RT_RSK_HDG_PRTFL_EIL_1__01_01_1990,,,1990-01-01,9999-12-31
WUDEN__BIRD_INSTRMNT_RL_EIL_1__01_01_1990,,G,ECB,WUDEN__BIRD_INSTRMNT_RL_EIL_1__01_01_1990 wuden,WUDEN__BIRD_INSTRMNT_RL_EIL_1__01_01_1990,,,1990-01-01,9999-12-31
WUDEN__BIRD_TRDTNL_SCRTSTN_EIL_1__01_01_1990,,G,ECB,WUDEN__BIRD_TRDTNL_SCRTSTN_EIL_1__01_01_1990 wuden,WUDEN__BIRD_TRDTNL_SCRTSTN_EIL_1__01_01_1990,,,1990-01-01,9999-12-31
WUDEN__BIRD_EQT_INSTRMNT_NT_SCRT_HDG_EIL_1__01_01_1990,,G,ECB,WUDEN__BIRD_EQT_INSTRMNT_NT_SCRT_HDG_EIL_1__01_01_1990 wuden,WUDEN__BIRD_EQT_INSTRMNT_NT_SCRT_HDG_EIL_1__01_01_1990,,,1990-01-01,9999-12-31
WUDEN__BIRD_LNG_EQTY_FND_SCRYT_PSTN_ENCMBRNC_DT_EIL_1__01_01_1990,,G,ECB,WUDEN__BIRD_LNG_EQTY_FND_SCRYT_PSTN_ENCMBRNC_DT_EIL_1__01_01_1990 wuden,WUDEN__BIRD_LNG_EQTY_FND_SCRYT_PSTN_ENCMBRNC_DT_EIL_1__01_01_1990,,,1990-01-01,9999-12-31
WUDEN__BIRD_NTRL_PRSN_KY_MNGMNT_PRSNLL_ASSGNMNT_EIL_1__01_01_1990,,G,ECB,WUDEN__BIRD_NTRL_PRSN_KY_MNGMNT_PRSNLL_ASSGNMNT_EIL_1__01_01_1990 wuden,WUDEN__BIRD_NTRL_PRSN_KY_MNGMNT_PRSNLL_ASSGNMNT_EIL_1__01_01_1990,,,1990-01-01,9999-12-31
WUDEN__BIRD_CLLTRL_NN_FNNCL_ASST_ASSGNMNT_EIL_1__01_01_1990,,G,ECB,WUDEN__BIRD_CLLTRL_NN_FNNCL_ASST_ASSGNMNT_EIL_1__01_01_1990 wuden,WUDEN__BIRD_CLLTRL_NN_FNNCL_ASST_ASSGNMNT_EIL_1__01_01_1990,,,1990-01-01,9999-12-31
WUDEN__BIRD_SCRTY_PSTN_EIL_1__01_01_1990,,G,ECB,WUDEN__BIRD_SCRTY_PSTN_EIL_1__01_01_1990 wuden,WUDEN__BIRD_SCRTY_PSTN_EIL_1__01_01_1990,,,1990-01-01,9999-12-31
WUDEN__BIRD_INSTRMNT_EIL_1__01_01_1990,,G,ECB,WUDEN__BIRD_INSTRMNT_EIL_1__01_01_1990 wuden,WUDEN__BIRD_INSTRMNT_EIL_1__01_01_1990,,,1990-01-01,9999-12-31
WUDEN__BIRD_SCRTY_EXCHNG_TRDBL_DRVTV_EIL_1__01_01_1990,,G,ECB,WUDEN__BIRD_SCRTY_EXCHNG_TRDBL_DRVTV_EIL_1__01_01_1990 wuden,WUDEN__BIRD_SCRTY_EXCHNG_TRDBL_DRVTV_EIL_1__01_01_1990,,,1990-01-01,9999-12-31
WUDEN__BIRD_PRTY_EIL_1__01_01_1990,,G,ECB,WUDEN__BIRD_PRTY_EIL_1__01_01_1990 wuden,WUDEN__BIRD_PRTY_EIL_1__01_01_1990,,,1990-01-01,9999-12-31
WUDEN__BIRD_DBT_SCRTY_ISSD_HDG_EIL_1__01_01_1990,,G,ECB,WUDEN__BIRD_DBT_SCRTY_ISSD_HDG_EIL_1__01_01_1990 wuden,WUDEN__BIRD_DBT_SCRTY_ISSD_HDG_EIL_1__01_01_1990,,,1990-01-01,9999-12-31
WUDEN__BIRD_DBT_SCRTY_ISSD_PRTCN_ARRNGMNT_GVN_ASSGNMNT_EIL_1__01_01_1990,,G,ECB,WUDEN__BIRD_DBT_SCRTY_ISSD_PRTCN_ARRNGMNT_GVN_ASSGNMNT_EIL_1__01_01_1990 wuden,WUDEN__BIRD_DBT_SCRTY_ISSD_PRTCN_ARRNGMNT_GVN_ASSGNMNT_EIL_1__01_01_1990,,,1990-01-01,9999-12-31
WUDEN__BIRD_ENTTY_RL_EIL_1__01_01_1990,,G,ECB,WUDEN__BIRD_ENTTY_RL_EIL_1__01_01_1990 wuden,WUDEN__BIRD_ENTTY_RL_EIL_1__01_01_1990,,,1990-01-01,9999-12-31
WUDEN__BIRD_CRDT_FCLTY_ENTTY_RL_ASSGNMNT_EIL_1__01_01_1990,,G,ECB,WUDEN__BIRD_CRDT_FCLTY_ENTTY_RL_ASSGNMNT_EIL_1__01_01_1990 wuden,WUDEN__BIRD_CRDT_FCLTY_ENTTY_RL_ASSGNMNT_EIL_1__01_01_1990,,,1990-01-01,9999-12-31
WUDEN__BIRD_INSTRMNT_CLLTRL_RCVD_INSTRMNT_ASSGNMNT_EIL_1__01_01_1990,,G,ECB,WUDEN__BIRD_INSTRMNT_CLLTRL_RCVD_INSTRMNT_ASSGNMNT_EIL_1__01_01_1990 wuden,WUDEN__BIRD_INSTRMNT_CLLTRL_RCVD_INSTRMNT_ASSGNMNT_EIL_1__01_01_1990,,,1990-01-01,9999-12-31
WUDEN__BIRD_LNG_SCRTY_PSTN_PRDNTL_PRTFL_ASSGNMNT_EIL_1__01_01_1990,,G,ECB,WUDEN__BIRD_LNG_SCRTY_PSTN_PRDNTL_PRTFL_ASSGNMNT_EIL_1__01_01_1990 wuden,WUDEN__BIRD_LNG_SCRTY_PSTN_PRDNTL_PRTFL_ASSGNMNT_EIL_1__01_01_1990,,,1990-01-01,9999-12-31
WUDEN__BIRD_RSK_FAC_SA_EIL_1__01_01_1990,,G,ECB,WUDEN__BIRD_RSK_FAC_SA_EIL_1__01_01_1990 wuden,WUDEN__BIRD_RSK_FAC_SA_EIL_1__01_01_1990,,,1990-01-01,9999-12-31
WUDEN__BIRD_INSTRMNT_HDGD_OTC_DRVTV_EIL_1__01_01_1990,,G,ECB,WUDEN__BIRD_INSTRMNT_HDGD_OTC_DRVTV_EIL_1__01_01_1990 wuden,WUDEN__BIRD_INSTRMNT_HDGD_OTC_DRVTV_EIL_1__01_01_1990,,,1990-01-01,9999-12-31
WUDEN__BIRD_PRTNR_ENTRPRS_ASSGNMNT_EIL_1__01_01_1990,,G,ECB,WUDEN__BIRD_PRTNR_ENTRPRS_ASSGNMNT_EIL_1__01_01_1990 wuden,WUDEN__BIRD_PRTNR_ENTRPRS_ASSGNMNT_EIL_1__01_01_1990,,,1990-01-01,9999-12-31
WUDEN__BIRD_RTNG_GRD_CNTRL_BNK_PRVT_SCTR_CMPN_ASSGNMNT_EIL_1__01_01_1990,,G,ECB,WUDEN__BIRD_RTNG_GRD_CNTRL_BNK_PRVT_SCTR_CMPN_ASSGNMNT_EIL_1__01_01_1990 wuden,WUDEN__BIRD_RTNG_GRD_CNTRL_BNK_PRVT_SCTR_CMPN_ASSGNMNT_EIL_1__01_01_1990,,,1990-01-01,9999-12-31
WUDEN__BIRD_PRTY_PRVS_PRD_DT_EIL_1__01_01_1990,,G,ECB,WUDEN__BIRD_PRTY_PRVS_PRD_DT_EIL_1__01_01_1990 wuden,WUDEN__BIRD_PRTY_PRVS_PRD_DT_EIL_1__01_01_1990,,,1990-01-01,9999-12-31
WUDEN__BIRD_LNG_NN_NGTBL_SCRTY_PSTN_CLLTRL_ASSGNMNT_EIL_1__01_01_1990,,G,ECB,WUDEN__BIRD_LNG_NN_NGTBL_SCRTY_PSTN_CLLTRL_ASSGNMNT_EIL_1__01_01_1990 wuden,WUDEN__BIRD_LNG_NN_NGTBL_SCRTY_PSTN_CLLTRL_ASSGNMNT_EIL_1__01_01_1990,,,1990-01-01,9999-12-31
WUDEN__BIRD_PRTCTN_ARRNGMNT_EIL_1__01_01_1990,,G,ECB,WUDEN__BIRD_PRTCTN_ARRNGMNT_EIL_1__01_01_1990 wuden,WUDEN__BIRD_PRTCTN_ARRNGMNT_EIL_1__01_01_1990,,,1990-01-01,9999-12-31
WUDEN__BIRD_RTNG_SYSTM_EIL_1__01_01_1990,,G,ECB,WUDEN__BIRD_RTNG_SYSTM_EIL_1__01_01_1990 wuden,WUDEN__BIRD_RTNG_SYSTM_EIL_1__01_01_1990,,,1990-01-01,9999-12-31
WUDEN__BIRD_MSTR_AGRMNT_EIL_1__01_01_1990,,G,ECB,WUDEN__BIRD_MSTR_AGRMNT_EIL_1__01_01_1990 wuden,WUDEN__BIRD_MSTR_AGRMNT_EIL_1__01_01_1990,,,1990-01-01,9999-12-31
WUDEN__BIRD_CSH_HND_EIL_1__01_01_1990,,G,ECB,WUDEN__BIRD_CSH_HND_EIL_1__01_01_1990 wuden,WUDEN__BIRD_CSH_HND_EIL_1__01_01_1990,,,1990-01-01,9999-12-31
WUDEN__BIRD_PRTCTN_ARRNGMNT_RL_EIL_1__01_01_1990,,G,ECB,WUDEN__BIRD_PRTCTN_ARRNGMNT_RL_EIL_1__01_01_1990 wuden,WUDEN__BIRD_PRTCTN_ARRNGMNT_RL_EIL_1__01_01_1990,,,1990-01-01,9999-12-31
WUDEN__BIRD_LNKD_ENTRPRS_ASSGNMNT_EIL_1__01_01_1990,,G,ECB,WUDEN__BIRD_LNKD_ENTRPRS_ASSGNMNT_EIL_1__01_01_1990 wuden,WUDEN__BIRD_LNKD_ENTRPRS_ASSGNMNT_EIL_1__01_01_1990,,,1990-01-01,9999-12-31
WUDEN__BIRD_ASST_PL_EIL_1__01_01_1990,,G,ECB,WUDEN__BIRD_ASST_PL_EIL_1__01_01_1990 wuden,WUDEN__BIRD_ASST_PL_EIL_1__01_01_1990,,,1990-01-01,9999-12-31
WUDEN__BIRD_CLLTRL_EIL_1__01_01_1990,,G,ECB,WUDEN__BIRD_CLLTRL_EIL_1__01_01_1990 wuden,WUDEN__BIRD_CLLTRL_EIL_1__01_01_1990,,,1990-01-01,9999-12-31
WUDEN__BIRD_RPRCHS_AGRMNT_CMPNNT_EIL_1__01_01_1990,,G,ECB,WUDEN__BIRD_RPRCHS_AGRMNT_CMPNNT_EIL_1__01_01_1990 wuden,WUDEN__BIRD_RPRCHS_AGRMNT_CMPNNT_EIL_1__01_01_1990,,,1990-01-01,9999-12-31
WUDEN__BIRD_CRDT_FCLTY_EIL_1__01_01_1990,,G,ECB,WUDEN__BIRD_CRDT_FCLTY_EIL_1__01_01_1990 wuden,WUDEN__BIRD_CRDT_FCLTY_EIL_1__01_01_1990,,,1990-01-01,9999-12-31
WUDEN__BIRD_DBT_SCRTY_ISSD_EIL_1__01_01_1990,,G,ECB,WUDEN__BIRD_DBT_SCRTY_ISSD_EIL_1__01_01_1990 wuden,WUDEN__BIRD_DBT_SCRTY_ISSD_EIL_1__01_01_1990,,,1990-01-01,9999-12-31
WUDEN__BIRD_ASST_PL_EXCHNG_TRDBL_DRVTV_PSTN_ASSGNMNT_EIL_1__01_01_1990,,G,ECB,WUDEN__BIRD_ASST_PL_EXCHNG_TRDBL_DRVTV_PSTN_ASSGNMNT_EIL_1__01_01_1990 wuden,WUDEN__BIRD_ASST_PL_EXCHNG_TRDBL_DRVTV_PSTN_ASSGNMNT_EIL_1__01_01_1990,,,1990-01-01,9999-12-31
WUDEN__BIRD_INSTRMNT_HDGD_EXCHNG_TRDBL_DRVTV_EIL_1__01_01_1990,,G,ECB,WUDEN__BIRD_INSTRMNT_HDGD_EXCHNG_TRDBL_DRVTV_EIL_1__01_01_1990 wuden,WUDEN__BIRD_INSTRMNT_HDGD_EXCHNG_TRDBL_DRVTV_EIL_1__01_01_1990,,,1990-01-01,9999-12-31
WUDEN__BIRD_GRP_EIL_1__01_01_1990,,G,ECB,WUDEN__BIRD_GRP_EIL_1__01_01_1990 wuden,WUDEN__BIRD_GRP_EIL_1__01_01_1990,,,1990-01-01,9999-12-31
WUDEN__BIRD_TRNCH_SYNTHTC_SCRTSTN_WTHT_SSPE_DPST_EIL_1__01_01_1990,,G,ECB,WUDEN__BIRD_TRNCH_SYNTHTC_SCRTSTN_WTHT_SSPE_DPST_EIL_1__01_01_1990 wuden,WUDEN__BIRD_TRNCH_SYNTHTC_SCRTSTN_WTHT_SSPE_DPST_EIL_1__01_01_1990,,,1990-01-01,9999-12-31
WUDEN__BIRD_TRNCH_SYNTHTC_SCRTSTN_WTHT_SSPE_FNNCL_GRNT_EIL_1__01_01_1990,,G,ECB,WUDEN__BIRD_TRNCH_SYNTHTC_SCRTSTN_WTHT_SSPE_FNNCL_GRNT_EIL_1__01_01_1990 wuden,WUDEN__BIRD_TRNCH_SYNTHTC_SCRTSTN_WTHT_SSPE_FNNCL_GRNT_EIL_1__01_01_1990,,,1990-01-01,9999-12-31
WUDEN__BIRD_LNG_SCRTY_PSTN_HDG_EIL_1__01_01_1990,,G,ECB,WUDEN__BIRD_LNG_SCRTY_PSTN_HDG_EIL_1__01_01_1990 wuden,WUDEN__BIRD_LNG_SCRTY_PSTN_HDG_EIL_1__01_01_1990,,,1990-01-01,9999-12-31
WUDEN__BIRD_ASST_PL_CLLTRL_RCVD_ASSGNMNT_EIL_1__01_01_1990,,G,ECB,WUDEN__BIRD_ASST_PL_CLLTRL_RCVD_ASSGNMNT_EIL_1__01_01_1990 wuden,WUDEN__BIRD_ASST_PL_CLLTRL_RCVD_ASSGNMNT_EIL_1__01_01_1990,,,1990-01-01,9999-12-31
WUDEN__BIRD_FNDMNTL_RVW_TRDNG_BK_STNDRD_APPRCH_RSK_MSR_FR_SCRTY_PSTNS_EIL_1__01_01_1990,,G,ECB,WUDEN__BIRD_FNDMNTL_RVW_TRDNG_BK_STNDRD_APPRCH_RSK_MSR_FR_SCRTY_PSTNS_EIL_1__01_01_1990 wuden,WUDEN__BIRD_FNDMNTL_RVW_TRDNG_BK_STNDRD_APPRCH_RSK_MSR_FR_SCRTY_PSTNS_EIL_1__01_01_1990,,,1990-01-01,9999-12-31
WUDEN__BIRD_SCTRY_BRRWNG_LNDNG_TRNSCTN_INCLDNG_CSH_CLLTRL_EIL_1__01_01_1990,,G,ECB,WUDEN__BIRD_SCTRY_BRRWNG_LNDNG_TRNSCTN_INCLDNG_CSH_CLLTRL_EIL_1__01_01_1990 wuden,WUDEN__BIRD_SCTRY_BRRWNG_LNDNG_TRNSCTN_INCLDNG_CSH_CLLTRL_EIL_1__01_01_1990,,,1990-01-01,9999-12-31
WUDEN__BIRD_EXCHNG_TRDBL_DRVTV_PSTN_PRTCN_ARRNGMNT_ASSGNMNT_EIL_1__01_01_1990,,G,ECB,WUDEN__BIRD_EXCHNG_TRDBL_DRVTV_PSTN_PRTCN_ARRNGMNT_ASSGNMNT_EIL_1__01_01_1990 wuden,WUDEN__BIRD_EXCHNG_TRDBL_DRVTV_PSTN_PRTCN_ARRNGMNT_ASSGNMNT_EIL_1__01_01_1990,,,1990-01-01,9999-12-31
WUDEN__BIRD_INSTRMNT_PRTCTN_ARRNGMNT_ASSGNMNT_EIL_1__01_01_1990,,G,ECB,WUDEN__BIRD_INSTRMNT_PRTCTN_ARRNGMNT_ASSGNMNT_EIL_1__01_01_1990 wuden,WUDEN__BIRD_INSTRMNT_PRTCTN_ARRNGMNT_ASSGNMNT_EIL_1__01_01_1990,,,1990-01-01,9999-12-31
WUDEN__BIRD_KB_PR_BCKT_EIL_1__01_01_1990,,G,ECB,WUDEN__BIRD_KB_PR_BCKT_EIL_1__01_01_1990 wuden,WUDEN__BIRD_KB_PR_BCKT_EIL_1__01_01_1990,,,1990-01-01,9999-12-31
WUDEN__BIRD_MSTR_AGRMNT_ENTTY_RL_ASSGNMNT_EIL_1__01_01_1990,,G,ECB,WUDEN__BIRD_MSTR_AGRMNT_ENTTY_RL_ASSGNMNT_EIL_1__01_01_1990 wuden,WUDEN__BIRD_MSTR_AGRMNT_ENTTY_RL_ASSGNMNT_EIL_1__01_01_1990,,,1990-01-01,9999-12-31
WUDEN__BIRD_LNG_SCRTY_PSTN_PRDNTL_PRTFL_ASSGNMNT_ACCNTNG_CLSSFCTN_FNNCL_ASSTS_ASSGNMNT_EIL_1__01_01_1990,,G,ECB,WUDEN__BIRD_LNG_SCRTY_PSTN_PRDNTL_PRTFL_ASSGNMNT_ACCNTNG_CLSSFCTN_FNNCL_ASSTS_ASSGNMNT_EIL_1__01_01_1990 wuden,WUDEN__BIRD_LNG_SCRTY_PSTN_PRDNTL_PRTFL_ASSGNMNT_ACCNTNG_CLSSFCTN_FNNCL_ASSTS_ASSGNMNT_EIL_1__01_01_1990,,,1990-01-01,9999-12-31
WUDEN__BIRD_TRNCH_TRDTNL_SCRTSTN_EIL_1__01_01_1990,,G,ECB,WUDEN__BIRD_TRNCH_TRDTNL_SCRTSTN_EIL_1__01_01_1990 wuden,WUDEN__BIRD_TRNCH_TRDTNL_SCRTSTN_EIL_1__01_01_1990,,,1990-01-01,9999-12-31
WUDEN__BIRD_OTC_DRVTV_INSTRMNT_SNTHTC_SCRTSTN_ASSGNMNT_EIL_1__01_01_1990,,G,ECB,WUDEN__BIRD_OTC_DRVTV_INSTRMNT_SNTHTC_SCRTSTN_ASSGNMNT_EIL_1__01_01_1990 wuden,WUDEN__BIRD_OTC_DRVTV_INSTRMNT_SNTHTC_SCRTSTN_ASSGNMNT_EIL_1__01_01_1990,,,1990-01-01,9999-12-31
WUDEN__BIRD_EXCHNG_TRDBL_DRVTV_PSTN_EIL_1__01_01_1990,,G,ECB,WUDEN__BIRD_EXCHNG_TRDBL_DRVTV_PSTN_EIL_1__01_01_1990 wuden,WUDEN__BIRD_EXCHNG_TRDBL_DRVTV_PSTN_EIL_1__01_01_1990,,,1990-01-01,9999-12-31
WUDEN__BIRD_INTRNL_GRP_RL_EIL_1__01_01_1990,,G,ECB,WUDEN__BIRD_INTRNL_GRP_RL_EIL_1__01_01_1990 wuden,WUDEN__BIRD_INTRNL_GRP_RL_EIL_1__01_01_1990,,,1990-01-01,9999-12-31
WUDEN__BIRD_EXCHNG_TRDBL_DRVTV_PSTN_RL_EIL_1__01_01_1990,,G,ECB,WUDEN__BIRD_EXCHNG_TRDBL_DRVTV_PSTN_RL_EIL_1__01_01_1990 wuden,WUDEN__BIRD_EXCHNG_TRDBL_DRVTV_PSTN_RL_EIL_1__01_01_1990,,,1990-01-01,9999-12-31
WUDEN__BIRD_SHRT_SCRTY_PSTN_PRDNTL_PRTFL_ASSGNMNT_EIL_1__01_01_1990,,G,ECB,WUDEN__BIRD_SHRT_SCRTY_PSTN_PRDNTL_PRTFL_ASSGNMNT_EIL_1__01_01_1990 wuden,WUDEN__BIRD_SHRT_SCRTY_PSTN_PRDNTL_PRTFL_ASSGNMNT_EIL_1__01_01_1990,,,1990-01-01,9999-12-31
WUDEN__BIRD_FNDMNTL_RVW_TRDNG_BK_STNDRD_APPRCH_RSK_MSR_ETD_PSTNS_EIL_1__01_01_1990,,G,ECB,WUDEN__BIRD_FNDMNTL_RVW_TRDNG_BK_STNDRD_APPRCH_RSK_MSR_ETD_PSTNS_EIL_1__01_01_1990 wuden,WUDEN__BIRD_FNDMNTL_RVW_TRDNG_BK_STNDRD_APPRCH_RSK_MSR_ETD_PSTNS_EIL_1__01_01_1990,,,1990-01-01,9999-12-31
WUDEN__BIRD_ETD_LBLTY_PSTN_SNTHTC_SCRTSTN_ASSGNMNT_EIL_1__01_01_1990,,G,ECB,WUDEN__BIRD_ETD_LBLTY_PSTN_SNTHTC_SCRTSTN_ASSGNMNT_EIL_1__01_01_1990 wuden,WUDEN__BIRD_ETD_LBLTY_PSTN_SNTHTC_SCRTSTN_ASSGNMNT_EIL_1__01_01_1990,,,1990-01-01,9999-12-31
WUDEN__BIRD_SGNFCNT_CRRNCY_DPRCTN_CNTNGNT_ENCMBRNC_EIL_1__01_01_1990,,G,ECB,WUDEN__BIRD_SGNFCNT_CRRNCY_DPRCTN_CNTNGNT_ENCMBRNC_EIL_1__01_01_1990 wuden,WUDEN__BIRD_SGNFCNT_CRRNCY_DPRCTN_CNTNGNT_ENCMBRNC_EIL_1__01_01_1990,,,1990-01-01,9999-12-31
WUDEN__BIRD_SCRTY_SCRTY_RPRCHS_AGRMNT_CMPNNT_ASSGNMNT_EIL_1__01_01_1990,,G,ECB,WUDEN__BIRD_SCRTY_SCRTY_RPRCHS_AGRMNT_CMPNNT_ASSGNMNT_EIL_1__01_01_1990 wuden,WUDEN__BIRD_SCRTY_SCRTY_RPRCHS_AGRMNT_CMPNNT_ASSGNMNT_EIL_1__01_01_1990,,,1990-01-01,9999-12-31
WUDEN__BIRD_SCRTY_HDGD_EXCHNG_TRDBL_DRVTV_EIL_1__01_01_1990,,G,ECB,WUDEN__BIRD_SCRTY_HDGD_EXCHNG_TRDBL_DRVTV_EIL_1__01_01_1990 wuden,WUDEN__BIRD_SCRTY_HDGD_EXCHNG_TRDBL_DRVTV_EIL_1__01_01_1990,,,1990-01-01,9999-12-31
WUDEN__BIRD_MSTR_AGRMNT_FNNCL_CNTRCT_ASSGNMNT_EIL_1__01_01_1990,,G,ECB,WUDEN__BIRD_MSTR_AGRMNT_FNNCL_CNTRCT_ASSGNMNT_EIL_1__01_01_1990 wuden,WUDEN__BIRD_MSTR_AGRMNT_FNNCL_CNTRCT_ASSGNMNT_EIL_1__01_01_1990,,,1990-01-01,9999-12-31
WUDEN__BIRD_CRDT_FCLTY_CLLTRL_RCVD_INSTRMNT_ASSGNMNT_EIL_1__01_01_1990,,G,ECB,WUDEN__BIRD_CRDT_FCLTY_CLLTRL_RCVD_INSTRMNT_ASSGNMNT_EIL_1__01_01_1990 wuden,WUDEN__BIRD_CRDT_FCLTY_CLLTRL_RCVD_INSTRMNT_ASSGNMNT_EIL_1__01_01_1990,,,1990-01-01,9999-12-31
WUDEN__BIRD_LNG_SCRTY_PSTN_PRDNTL_PRTFL_ASSGNMNT_RSK_DT_EIL_1__01_01_1990,,G,ECB,WUDEN__BIRD_LNG_SCRTY_PSTN_PRDNTL_PRTFL_ASSGNMNT_RSK_DT_EIL_1__01_01_1990 wuden,WUDEN__BIRD_LNG_SCRTY_PSTN_PRDNTL_PRTFL_ASSGNMNT_RSK_DT_EIL_1__01_01_1990,,,1990-01-01,9999-12-31
WUDEN__BIRD_BLNC_SHT_NTTNG_EIL_1__01_01_1990,,G,ECB,WUDEN__BIRD_BLNC_SHT_NTTNG_EIL_1__01_01_1990 wuden,WUDEN__BIRD_BLNC_SHT_NTTNG_EIL_1__01_01_1990,,,1990-01-01,9999-12-31
WUDEN__BIRD_SCRTY_PSTN_HDGD_OTC_DRVTV_EIL_1__01_01_1990,,G,ECB,WUDEN__BIRD_SCRTY_PSTN_HDGD_OTC_DRVTV_EIL_1__01_01_1990 wuden,WUDEN__BIRD_SCRTY_PSTN_HDGD_OTC_DRVTV_EIL_1__01_01_1990,,,1990-01-01,9999-12-31
WUDEN__BIRD_FNNCL_GRNT_INSTRMNT_DBT_SCRT_DBT_SCRTY_ASSGNMNT_EIL_1__01_01_1990,,G,ECB,WUDEN__BIRD_FNNCL_GRNT_INSTRMNT_DBT_SCRT_DBT_SCRTY_ASSGNMNT_EIL_1__01_01_1990 wuden,WUDEN__BIRD_FNNCL_GRNT_INSTRMNT_DBT_SCRT_DBT_SCRTY_ASSGNMNT_EIL_1__01_01_1990,,,1990-01-01,9999-12-31
WUDEN__BIRD_RTNG_GRD_CNTRY_ASSGNMNT_EIL_1__01_01_1990,,G,ECB,WUDEN__BIRD_RTNG_GRD_CNTRY_ASSGNMNT_EIL_1__01_01_1990 wuden,WUDEN__BIRD_RTNG_GRD_CNTRY_ASSGNMNT_EIL_1__01_01_1990,,,1990-01-01,9999-12-31
WUDEN__BIRD_NN_FNNCL_LBLTY_EIL_1__01_01_1990,,G,ECB,WUDEN__BIRD_NN_FNNCL_LBLTY_EIL_1__01_01_1990 wuden,WUDEN__BIRD_NN_FNNCL_LBLTY_EIL_1__01_01_1990,,,1990-01-01,9999-12-31
WUDEN__BIRD_SNTHTC_SCRTSTN_EIL_1__01_01_1990,,G,ECB,WUDEN__BIRD_SNTHTC_SCRTSTN_EIL_1__01_01_1990 wuden,WUDEN__BIRD_SNTHTC_SCRTSTN_EIL_1__01_01_1990,,,1990-01-01,9999-12-31
WUDEN__BIRD_SCRTY_ENTTY_RL_ASSGNMNT_EIL_1__01_01_1990,,G,ECB,WUDEN__BIRD_SCRTY_ENTTY_RL_ASSGNMNT_EIL_1__01_01_1990 wuden,WUDEN__BIRD_SCRTY_ENTTY_RL_ASSGNMNT_EIL_1__01_01_1990,,,1990-01-01,9999-12-31
WUDEN__BIRD_RTNG_GRD_EIL_1__01_01_1990,,G,ECB,WUDEN__BIRD_RTNG_GRD_EIL_1__01_01_1990 wuden,WUDEN__BIRD_RTNG_GRD_EIL_1__01_01_1990,,,1990-01-01,9999-12-31
WUDEN__BIRD_DBT_SCRTY_ISSD_TRDTNL_SCRTSTN_ASSGNMNT_EIL_1__01_01_1990,,G,ECB,WUDEN__BIRD_DBT_SCRTY_ISSD_TRDTNL_SCRTSTN_ASSGNMNT_EIL_1__01_01_1990 wuden,WUDEN__BIRD_DBT_SCRTY_ISSD_TRDTNL_SCRTSTN_ASSGNMNT_EIL_1__01_01_1990,,,1990-01-01,9999-12-31
WUDEN__BIRD_CRDT_RSK_MTGTN_ASSGNMNT_EIL_1__01_01_1990,,G,ECB,WUDEN__BIRD_CRDT_RSK_MTGTN_ASSGNMNT_EIL_1__01_01_1990 wuden,WUDEN__BIRD_CRDT_RSK_MTGTN_ASSGNMNT_EIL_1__01_01_1990,,,1990-01-01,9999-12-31
WUDEN__BIRD_OTC_DRVTV_HDG_EIL_1__01_01_1990,,G,ECB,WUDEN__BIRD_OTC_DRVTV_HDG_EIL_1__01_01_1990 wuden,WUDEN__BIRD_OTC_DRVTV_HDG_EIL_1__01_01_1990,,,1990-01-01,9999-12-31
WUDEN__BIRD_PRTY_CD_EIL_1__01_01_1990,,G,ECB,WUDEN__BIRD_PRTY_CD_EIL_1__01_01_1990 wuden,WUDEN__BIRD_PRTY_CD_EIL_1__01_01_1990,,,1990-01-01,9999-12-31
WUDEN__BIRD_FNNCL_CNTRCT_EIL_1__01_01_1990,,G,ECB,WUDEN__BIRD_FNNCL_CNTRCT_EIL_1__01_01_1990 wuden,WUDEN__BIRD_FNNCL_CNTRCT_EIL_1__01_01_1990,,,1990-01-01,9999-12-31
WUDEN__BIRD_INSTRMNT_CLLTRL_ASSGNMNT_EIL_1__01_01_1990,,G,ECB,WUDEN__BIRD_INSTRMNT_CLLTRL_ASSGNMNT_EIL_1__01_01_1990 wuden,WUDEN__BIRD_INSTRMNT_CLLTRL_ASSGNMNT_EIL_1__01_01_1990,,,1990-01-01,9999-12-31
WUDEN__BIRD_RTNG_SYSTM_APPLD_LGL_PRSN_EIL_1__01_01_1990,,G,ECB,WUDEN__BIRD_RTNG_SYSTM_APPLD_LGL_PRSN_EIL_1__01_01_1990 wuden,WUDEN__BIRD_RTNG_SYSTM_APPLD_LGL_PRSN_EIL_1__01_01_1990,,,1990-01-01,9999-12-31
WUDEN__BIRD_LN_EXCLDNG_RPRCHS_AGRMNT_AND_ADVNC_HDG_EIL_1__01_01_1990,,G,ECB,WUDEN__BIRD_LN_EXCLDNG_RPRCHS_AGRMNT_AND_ADVNC_HDG_EIL_1__01_01_1990 wuden,WUDEN__BIRD_LN_EXCLDNG_RPRCHS_AGRMNT_AND_ADVNC_HDG_EIL_1__01_01_1990,,,1990-01-01,9999-12-31
WUDEN__BIRD_CVRD_BND_PRGRM_EIL_1__01_01_1990,,G,ECB,WUDEN__BIRD_CVRD_BND_PRGRM_EIL_1__01_01_1990 wuden,WUDEN__BIRD_CVRD_BND_PRGRM_EIL_1__01_01_1990,,,1990-01-01,9999-12-31
WUDEN__BIRD_CLLTRL_GVN_INSTRMNT_DBT_SCRTY_ISSD_ASSGNMNT_EIL_1__01_01_1990,,G,ECB,WUDEN__BIRD_CLLTRL_GVN_INSTRMNT_DBT_SCRTY_ISSD_ASSGNMNT_EIL_1__01_01_1990 wuden,WUDEN__BIRD_CLLTRL_GVN_INSTRMNT_DBT_SCRTY_ISSD_ASSGNMNT_EIL_1__01_01_1990,,,1990-01-01,9999-12-31
WUDEN__BIRD_ASST_PL_DBT_SCRTY_PSTN_ASSGNMNT_EIL_1__01_01_1990,,G,ECB,WUDEN__BIRD_ASST_PL_DBT_SCRTY_PSTN_ASSGNMNT_EIL_1__01_01_1990 wuden,WUDEN__BIRD_ASST_PL_DBT_SCRTY_PSTN_ASSGNMNT_EIL_1__01_01_1990,,,1990-01-01,9999-12-31
WUDEN__BIRD_CRDT_FCLTY_CLLTRL_ASSGNMNT_EIL_1__01_01_1990,,G,ECB,WUDEN__BIRD_CRDT_FCLTY_CLLTRL_ASSGNMNT_EIL_1__01_01_1990 wuden,WUDEN__BIRD_CRDT_FCLTY_CLLTRL_ASSGNMNT_EIL_1__01_01_1990,,,1990-01-01,9999-12-31
WUDEN__BIRD_OTHR_PRTY_ID_EIL_1__01_01_1990,,G,ECB,WUDEN__BIRD_OTHR_PRTY_ID_EIL_1__01_01_1990 wuden,WUDEN__BIRD_OTHR_PRTY_ID_EIL_1__01_01_1990,,,1990-01-01,9999-12-31
WUDEN__BIRD_SCRTY_LNDNG_CMPNNT_SCRTY_ASSGNMNT_EIL_1__01_01_1990,,G,ECB,WUDEN__BIRD_SCRTY_LNDNG_CMPNNT_SCRTY_ASSGNMNT_EIL_1__01_01_1990 wuden,WUDEN__BIRD_SCRTY_LNDNG_CMPNNT_SCRTY_ASSGNMNT_EIL_1__01_01_1990,,,1990-01-01,9999-12-31
WUDEN__BIRD_RTNG_AGNCY_EXCSS_MTHDLGY_CVRD_BND_PRGRMM_ASSGNMNT_EIL_1__01_01_1990,,G,ECB,WUDEN__BIRD_RTNG_AGNCY_EXCSS_MTHDLGY_CVRD_BND_PRGRMM_ASSGNMNT_EIL_1__01_01_1990 wuden,WUDEN__BIRD_RTNG_AGNCY_EXCSS_MTHDLGY_CVRD_BND_PRGRMM_ASSGNMNT_EIL_1__01_01_1990,,,1990-01-01,9999-12-31
WUDEN__BIRD_IMMDT_PRNT_ENTRPRS_ASSGNMNT_EIL_1__01_01_1990,,G,ECB,WUDEN__BIRD_IMMDT_PRNT_ENTRPRS_ASSGNMNT_EIL_1__01_01_1990 wuden,WUDEN__BIRD_IMMDT_PRNT_ENTRPRS_ASSGNMNT_EIL_1__01_01_1990,,,1990-01-01,9999-12-31
WUDEN__BIRD_PRTCTN_PRTCTN_PRVD_ASSGNMNT_EIL_1__01_01_1990,,G,ECB,WUDEN__BIRD_PRTCTN_PRTCTN_PRVD_ASSGNMNT_EIL_1__01_01_1990 wuden,WUDEN__BIRD_PRTCTN_PRTCTN_PRVD_ASSGNMNT_EIL_1__01_01_1990,,,1990-01-01,9999-12-31
WUDEN__BIRD_CLLTRL_RL_EIL_1__01_01_1990,,G,ECB,WUDEN__BIRD_CLLTRL_RL_EIL_1__01_01_1990 wuden,WUDEN__BIRD_CLLTRL_RL_EIL_1__01_01_1990,,,1990-01-01,9999-12-31
GRSS_CRRYNG_AMNT_TR,https://gitlab.sofa.dev/bird-subgroups/bird-transformation-rules/-/blob/main/FinRep%20subgroup/final%20derivation%20rules/GRSS_CRRYNG_AMNT/infosheet.md,D,ECB,Gross carrying amount derivation rule,GRSS_CRRYNG_AMNT_TR,This derivation rule aims to obtain the Gross carrying amount from its building blocks.,"SET GRSS_CRRYNG_AMNT = CASE WHEN ACCNTNG_CLSSFCTN IN (4, 41, 47, 7) THEN CASE WHEN PRFRMNG_STTS = 11 THEN FV WHEN PRFRMNG_STTS = 1 THEN FV + ACCMLTD_CHNGS_FV_CR END WHEN ACCNTNG_CLSSFCTN IN (6, 8, 9) THEN CRRYNG_AMNT + ACCMLTD_IMPRMNT WHEN ACCNTNG_CLSSFCTN = 77 THEN CASE WHEN IMPRMNT_STTS = 26 THEN CRRYNG_AMNT + ACCMLTD_IMPRMNT WHEN IMPRMNT_STTS = 211 THEN CRRYNG_AMNT + GNRL_ALLWNCS_CRDT_RSK WHEN IMPRMNT_STTS = 212 THEN CRRYNG_AMNT + GNRL_ALLWNCS_BNK_RSK END WHEN ACCNTNG_CLSSFCTN = 9 THEN CASE WHEN SBJCT_IMPRMNT_INDCTR = 1 THEN CASE WHEN IMPRMNT_STTS = 26 THEN CRRYNG_AMNT + ACCMLTD_IMPRMNT WHEN IMPRMNT_STTS = 211 THEN CRRYNG_AMNT + GNRL_ALLWNCS_CRDT_RSK WHEN IMPRMNT_STTS = 212 THEN CRRYNG_AMNT + GNRL_ALLWNCS_BNK_RSK END WHEN SBJCT_IMPRMNT_INDCTR = 2 THEN CASE WHEN PRFRMNG_STTS = 11 THEN FV WHEN PRFRMNG_STTS = 1 THEN FV + ACCMLTD_CHNGS_FV_CR END END WHEN ACCNTNG_CLSSFCTN IN (76, 73) THEN CRRYNG_AMNT WHEN ACCNTNG_CLSSFCTN = 74 THEN CRRYNG_AMNT + ACCMLTD_IMPRMNT WHEN ACCNTNG_CLSSFCTN IN (2, 3) THEN FV END;",2024-02-28,9999-12-31
TM_PST_DU_BND_TR,https://gitlab.sofa.dev/bird-subgroups/bird-transformation-rules/-/blob/main/FinRep%20subgroup/final%20derivation%20rules/TM_PST_DU_BND/infosheet.md,D,ECB,Time past due band derivation rule,TM_PST_DU_BND_TR,This derivation rule aims to obtain the Time past due band from its building blocks.,"SET TM_PST_DU = DT_PST_D - DT_RFRNC, TM_PST_DU_BND = CASE WHEN TM_PST_DU/365 <= 0 THEN 1002 WHEN TM_PST_DU/365 > 0 AND TM_PST_DU/365 <= 1/12 THEN 75 WHEN TM_PST_DU/365 > 1/12 AND TM_PST_DU/365 <= 3/12 THEN 9 WHEN TM_PST_DU/365 > 3/12 AND TM_PST_DU/365 <= 6/12 THEN 12 WHEN TM_PST_DU/365 > 6/12 AND TM_PST_DU/365 <= 1 THEN 16 WHEN TM_PST_DU/365 > 1 AND TM_PST_DU/365 <= 2 THEN 21 WHEN TM_PST_DU/365 > 2 AND TM_PST_DU/365 <= 5 THEN 29 WHEN TM_PST_DU/365 > 5 AND TM_PST_DU/365 <= 7 THEN 84 WHEN TM_PST_DU/365 > 7 THEN 85 END;",2024-02-28,9999-12-31
F_01.01_TR,https://gitlab.sofa.dev/bird-subgroups/bird-transformation-rules/-/blob/main/FinRep%20subgroup/final%20generation%20rules/Template%20F_01.01_REF.md,G,ECB,F_01.01 generation rule,F_01_01_TR,This generation rule aims to obtain template F_01.01 from its basic building blocks,,2024-02-28,9999-12-31
F_01.02_TR,https://gitlab.sofa.dev/bird-subgroups/bird-transformation-rules/-/blob/main/FinRep%20subgroup/final%20generation%20rules/Template%20F_01.02_REF.md,G,ECB,F_01.02 generation rule,F_01_02_TR,This generation rule aims to obtain template F_01.02 from its basic building blocks,,2024-02-28,9999-12-31
F_04.01_TR,https://gitlab.sofa.dev/bird-subgroups/bird-transformation-rules/-/blob/main/FinRep%20subgroup/final%20generation%20rules/Template%20F_04.01_REF.md,G,ECB,F_04.01 generation rule,F_04_01_TR,This generation rule aims to obtain template F_04.01 from its basic building blocks,,2024-02-28,9999-12-31
F_04.02.1_TR,https://gitlab.sofa.dev/bird-subgroups/bird-transformation-rules/-/blob/main/FinRep%20subgroup/final%20generation%20rules/Template%20F_04.02.1_REF.md,G,ECB,F_04.02.1 generation rule,F_04_02_1_TR,This generation rule aims to obtain template F_04.02.1 from its basic building blocks,,2024-02-28,9999-12-31
F_04.02.2_TR,https://gitlab.sofa.dev/bird-subgroups/bird-transformation-rules/-/blob/main/FinRep%20subgroup/final%20generation%20rules/Template%20F_04.02.2_REF.md,G,ECB,F_04.02.2 generation rule,F_04_02_2_TR,This generation rule aims to obtain template F_04.02.2 from its basic building blocks,,2024-02-28,9999-12-31
F_04.03.1_TR,https://gitlab.sofa.dev/bird-subgroups/bird-transformation-rules/-/blob/main/FinRep%20subgroup/final%20generation%20rules/Template%20F_04.03.1_REF.md,G,ECB,F_04.03.1 generation rule,F_04_03_1_TR,This generation rule aims to obtain template F_04.03.1 from its basic building blocks,,2024-02-28,9999-12-31
F_04.04.1_TR,https://gitlab.sofa.dev/bird-subgroups/bird-transformation-rules/-/blob/main/FinRep%20subgroup/final%20generation%20rules/Template%20F_04.04.1_REF.md,G,ECB,F_04.04.1 generation rule,F_04_04_1_TR,This generation rule aims to obtain template F_04.04.1 from its basic building blocks,,2024-02-28,9999-12-31
F_04.05_TR,https://gitlab.sofa.dev/bird-subgroups/bird-transformation-rules/-/blob/main/FinRep%20subgroup/final%20generation%20rules/Template%20F_04.05_REF.md,G,ECB,F_04.05 generation rule,F_04_05_TR,This generation rule aims to obtain template F_04.05 from its basic building blocks,,2024-02-28,9999-12-31
F_04.06_TR,https://gitlab.sofa.dev/bird-subgroups/bird-transformation-rules/-/blob/main/FinRep%20subgroup/final%20generation%20rules/Template%20F_04.06_REF.md,G,ECB,F_04.06 generation rule,F_04_06_TR,This generation rule aims to obtain template F_04.06 from its basic building blocks,,2024-02-28,9999-12-31
F_04.07_TR,https://gitlab.sofa.dev/bird-subgroups/bird-transformation-rules/-/blob/main/FinRep%20subgroup/final%20generation%20rules/Template%20F_04.07_REF.md,G,ECB,F_04.07 generation rule,F_04_07_TR,This generation rule aims to obtain template F_04.07 from its basic building blocks,,2024-02-28,9999-12-31
F_04.08_TR,https://gitlab.sofa.dev/bird-subgroups/bird-transformation-rules/-/blob/main/FinRep%20subgroup/final%20generation%20rules/Template%20F_04.08_REF.md,G,ECB,F_04.08 generation rule,F_04_08_TR,This generation rule aims to obtain template F_04.08 from its basic building blocks,,2024-02-28,9999-12-31
F_04.09_TR,https://gitlab.sofa.dev/bird-subgroups/bird-transformation-rules/-/blob/main/FinRep%20subgroup/final%20generation%20rules/Template%20F_04.09_REF.md,G,ECB,F_04.09 generation rule,F_04_09_TR,This generation rule aims to obtain template F_04.09 from its basic building blocks,,2024-02-28,9999-12-31
F_04.10_TR,https://gitlab.sofa.dev/bird-subgroups/bird-transformation-rules/-/blob/main/FinRep%20subgroup/final%20generation%20rules/Template%20F_04.10_REF.md,G,ECB,F_04.10 generation rule,F_04_10_TR,This generation rule aims to obtain template F_04.10 from its basic building blocks,,2024-02-28,9999-12-31
F_05.01_TR,https://gitlab.sofa.dev/bird-subgroups/bird-transformation-rules/-/blob/main/FinRep%20subgroup/final%20generation%20rules/Template%20F_05.01_REF.md,G,ECB,F_05.01generation rule,F_05_01_TR,This generation rule aims to obtain template F_05.01 from its basic building blocks.,,2024-02-28,9999-12-31
F_06.01_TR,https://gitlab.sofa.dev/bird-subgroups/bird-transformation-rules/-/blob/main/FinRep%20subgroup/final%20generation%20rules/Template%20F_06.01_REF.md,G,ECB,F_06.01 generation rule,F_06_01_TR,This generation rule aims to obtain template F_06.01 from its basic building blocks,,2024-02-28,9999-12-31
F_07.01_TR,https://gitlab.sofa.dev/bird-subgroups/bird-transformation-rules/-/blob/main/FinRep%20subgroup/final%20generation%20rules/Template%20F_07.01_REF.md,G,ECB,F_07.01 generation rule,F_07_01_TR,This generation rule aims to obtain template F_07.01 from its basic building blocks,,2024-02-28,9999-12-31
F_07.02_TR,https://gitlab.sofa.dev/bird-subgroups/bird-transformation-rules/-/blob/main/FinRep%20subgroup/final%20generation%20rules/Template%20F_07.02_REF.md,G,ECB,F_07.02 generation rule,F_07_02_TR,This generation rule aims to obtain template F_07.02 from its basic building blocks,,2024-02-28,9999-12-31
F_08.01.a_TR,https://gitlab.sofa.dev/bird-subgroups/bird-transformation-rules/-/blob/main/FinRep%20subgroup/final%20generation%20rules/Template%20F_08.01.a_REF.md,G,ECB,F_08.01.a generation rule,F_08_01_a_TR,This generation rule aims to obtain template F_08.01.a from its basic building blocks,,2024-02-28,9999-12-31
F_08.01.b_TR,https://gitlab.sofa.dev/bird-subgroups/bird-transformation-rules/-/blob/main/FinRep%20subgroup/final%20generation%20rules/Template%20F_08.01.b_REF.md,G,ECB,F_08.01.b generation rule,F_08_01_b_TR,This generation rule aims to obtain template F_08.01.b from its basic building blocks,,2024-02-28,9999-12-31
F_08.02_TR,https://gitlab.sofa.dev/bird-subgroups/bird-transformation-rules/-/blob/main/FinRep%20subgroup/final%20generation%20rules/Template%20F_08.02_REF.md,G,ECB,F_08.02 generation rule,F_08_02_TR,This generation rule aims to obtain template F_08.02 from its basic building blocks,,2024-02-28,9999-12-31
F_09.01.1_TR,https://gitlab.sofa.dev/bird-subgroups/bird-transformation-rules/-/blob/main/FinRep%20subgroup/final%20generation%20rules/Template%20F_09.01.1_REF.md,G,ECB,F_09.01.1 generation rule,F_09_01_1_TR,This generation rule aims to obtain template F_09.01.1 from its basic building blocks,,2024-02-28,9999-12-31
F_09.01_TR,https://gitlab.sofa.dev/bird-subgroups/bird-transformation-rules/-/blob/main/FinRep%20subgroup/final%20generation%20rules/Template%20F_09.01_REF.md,G,ECB,F_09.01 generation rule,F_09_01_TR,This generation rule aims to obtain template F_09.01 from its basic building blocks,,2024-02-28,9999-12-31
F_09.02_TR,https://gitlab.sofa.dev/bird-subgroups/bird-transformation-rules/-/blob/main/FinRep%20subgroup/final%20generation%20rules/Template%20F_09.02_REF.md,G,ECB,F_09.02 generation rule,F_09_02_TR,This generation rule aims to obtain template F_09.02 from its basic building blocks,,2024-02-28,9999-12-31
F_10.00_TR,https://gitlab.sofa.dev/bird-subgroups/bird-transformation-rules/-/blob/main/FinRep%20subgroup/final%20generation%20rules/Template%20F_10.00_REF.md,G,ECB,F_10.00 generation rule,F_10_00_TR,This generation rule aims to obtain template F_10.00 from its basic building blocks,,2024-02-28,9999-12-31
F_11.01_TR,https://gitlab.sofa.dev/bird-subgroups/bird-transformation-rules/-/blob/main/FinRep%20subgroup/final%20generation%20rules/Template%20F_11.01_REF.md,G,ECB,F_11.01 generation rule,F_11_01_TR,This generation rule aims to obtain template F_11.01 from its basic building blocks,,2024-02-28,9999-12-31
F_11.02_TR,https://gitlab.sofa.dev/bird-subgroups/bird-transformation-rules/-/blob/main/FinRep%20subgroup/final%20generation%20rules/Template%20F_11.02_REF.md,G,ECB,F_11.02 generation rule,F_11_02_TR,This generation rule aims to obtain template F_11.02 from its basic building blocks,,2024-02-28,9999-12-31
F_11.03.1_TR,https://gitlab.sofa.dev/bird-subgroups/bird-transformation-rules/-/blob/main/FinRep%20subgroup/final%20generation%20rules/Template%20F_11.03.1_REF.md,G,ECB,F_11.03.1 generation rule,F_11_03_1_TR,This generation rule aims to obtain template F_11.03.1 from its basic building blocks,,2024-02-28,9999-12-31
F_11.03_TR,https://gitlab.sofa.dev/bird-subgroups/bird-transformation-rules/-/blob/main/FinRep%20subgroup/final%20generation%20rules/Template%20F_11.03_REF.md,G,ECB,F_11.03 generation rule,F_11_03_TR,This generation rule aims to obtain template F_11.03 from its basic building blocks,,2024-02-28,9999-12-31
F_12.02_TR,https://gitlab.sofa.dev/bird-subgroups/bird-transformation-rules/-/blob/main/FinRep%20subgroup/final%20generation%20rules/Template%20F_12.02_REF.md,G,ECB,F_12.02 generation rule,F_12_02_TR,This generation rule aims to obtain template F_12.02 from its basic building blocks,,2024-02-28,9999-12-31
F_13.01_TR,https://gitlab.sofa.dev/bird-subgroups/bird-transformation-rules/-/blob/main/FinRep%20subgroup/final%20generation%20rules/Template%20F_13.01_REF.md,G,ECB,F_13.01 generation rule,F_13_01_TR,This generation rule aims to obtain template F_13.01 from its basic building blocks,,2024-02-28,9999-12-31
F_13.02.1.a_TR,https://gitlab.sofa.dev/bird-subgroups/bird-transformation-rules/-/blob/main/FinRep%20subgroup/final%20generation%20rules/Template%20F_13.02.1.a_REF.md,G,ECB,F_13.02.1.a generation rule,F_13_02_1_a_TR,This generation rule aims to obtain template F_13.02.1.a from its basic building blocks,,2024-02-28,9999-12-31
F_13.02.1.b_TR,https://gitlab.sofa.dev/bird-subgroups/bird-transformation-rules/-/blob/main/FinRep%20subgroup/final%20generation%20rules/Template%20F_13.02.1.b_REF.md,G,ECB,F_13.02.1.b generation rule,F_13_02_1_b_TR,This generation rule aims to obtain template F_13.02.1.b from its basic building blocks,,2024-02-28,9999-12-31
F_13.03.1.a_TR,https://gitlab.sofa.dev/bird-subgroups/bird-transformation-rules/-/blob/main/FinRep%20subgroup/final%20generation%20rules/Template%20F_13.03.1.a_REF.md,G,ECB,F_13.03.1.a generation rule,F_13_03_1_a_TR,This generation rule aims to obtain template F_13.03.1.a from its basic building blocks,,2024-02-28,9999-12-31
F_13.03.1.b_TR,https://gitlab.sofa.dev/bird-subgroups/bird-transformation-rules/-/blob/main/FinRep%20subgroup/final%20generation%20rules/Template%20F_13.03.1.b_REF.md,G,ECB,F_13.03.1.b generation rule,F_13_03_1_b_TR,This generation rule aims to obtain template F_13.03.1.b from its basic building blocks,,2024-02-28,9999-12-31
F_14.00_TR,https://gitlab.sofa.dev/bird-subgroups/bird-transformation-rules/-/blob/main/FinRep%20subgroup/final%20generation%20rules/Template%20F_14.00_REF.md,G,ECB,F_14.00 generation rule,F_14_00_TR,This generation rule aims to obtain template F_14.00 from its basic building blocks,,2024-02-28,9999-12-31
F_15.00.a_TR,https://gitlab.sofa.dev/bird-subgroups/bird-transformation-rules/-/blob/main/FinRep%20subgroup/final%20generation%20rules/Template%20F_15.00.a_REF.md,G,ECB,F_15.00.a generation rule,F_15_00_a_TR,This generation rule aims to obtain template F_15.00.a from its basic building blocks,,2024-02-28,9999-12-31
F_15.00.b_TR,https://gitlab.sofa.dev/bird-subgroups/bird-transformation-rules/-/blob/main/FinRep%20subgroup/final%20generation%20rules/Template%20F_15.00.b_REF.md,G,ECB,F_15.00.b generation rule,F_15_00_b_TR,This generation rule aims to obtain template F_15.00.b from its basic building blocks,,2024-02-28,9999-12-31
F_18.00.a_TR,https://gitlab.sofa.dev/bird-subgroups/bird-transformation-rules/-/blob/main/FinRep%20subgroup/final%20generation%20rules/Template%20F_18.00.a_REF.md,G,ECB,F_18.00.a generation rule,F_18_00_a_TR,This generation rule aims to obtain template F_18.00.a from its basic building blocks,,2024-02-28,9999-12-31
F_18.00.b_TR,https://gitlab.sofa.dev/bird-subgroups/bird-transformation-rules/-/blob/main/FinRep%20subgroup/final%20generation%20rules/Template%20F_18.00.b_REF.md,G,ECB,F_18.00.b generation rule,F_18_00_b_TR,This generation rule aims to obtain template F_18.00.b from its basic building blocks,,2024-02-28,9999-12-31
F_18.00.c_TR,https://gitlab.sofa.dev/bird-subgroups/bird-transformation-rules/-/blob/main/FinRep%20subgroup/final%20generation%20rules/Template%20F_18.00.c_REF.md,G,ECB,F_18.00.c generation rule,F_18_00_c_TR,This generation rule aims to obtain template F_18.00.c from its basic building blocks,,2024-02-28,9999-12-31
F_18.00.d_TR,https://gitlab.sofa.dev/bird-subgroups/bird-transformation-rules/-/blob/main/FinRep%20subgroup/final%20generation%20rules/Template%20F_18.00.d_REF.md,G,ECB,F_18.00.d generation rule,F_18_00_d_TR,This generation rule aims to obtain template F_18.00.d from its basic building blocks,,2024-02-28,9999-12-31
F_18.00.e_TR,https://gitlab.sofa.dev/bird-subgroups/bird-transformation-rules/-/blob/main/FinRep%20subgroup/final%20generation%20rules/Template%20F_18.00.e_REF.md,G,ECB,F_18.00.e generation rule,F_18_00_e_TR,This generation rule aims to obtain template F_18.00.e from its basic building blocks,,2024-02-28,9999-12-31
F_18.02.a_TR,https://gitlab.sofa.dev/bird-subgroups/bird-transformation-rules/-/blob/main/FinRep%20subgroup/final%20generation%20rules/Template%20F_18.02.a_REF.md,G,ECB,F_18.02.a generation rule,F_18_02_a_TR,This generation rule aims to obtain template F_18.02.a from its basic building blocks,,2024-02-28,9999-12-31
F_18.02.b_TR,https://gitlab.sofa.dev/bird-subgroups/bird-transformation-rules/-/blob/main/FinRep%20subgroup/final%20generation%20rules/Template%20F_18.02.b_REF.md,G,ECB,F_18.02.b generation rule,F_18_02_b_TR,This generation rule aims to obtain template F_18.02.b from its basic building blocks,,2024-02-28,9999-12-31
F_18.02.c_TR,https://gitlab.sofa.dev/bird-subgroups/bird-transformation-rules/-/blob/main/FinRep%20subgroup/final%20generation%20rules/Template%20F_18.02.c_REF.md,G,ECB,F_18.02.c generation rule,F_18_02_c_TR,This generation rule aims to obtain template F_18.02.c from its basic building blocks,,2024-02-28,9999-12-31
F_19.00.a_TR,https://gitlab.sofa.dev/bird-subgroups/bird-transformation-rules/-/blob/main/FinRep%20subgroup/final%20generation%20rules/Template%20F_19.00.a_REF.md,G,ECB,F_19.00.a generation rule,F_19_00_a_TR,This generation rule aims to obtain template F_19.00.a from its basic building blocks,,2024-02-28,9999-12-31
F_19.00.b_TR,https://gitlab.sofa.dev/bird-subgroups/bird-transformation-rules/-/blob/main/FinRep%20subgroup/final%20generation%20rules/Template%20F_19.00.b_REF.md,G,ECB,F_19.00.b generation rule,F_19_00_b_TR,This generation rule aims to obtain template F_19.00.b from its basic building blocks,,2024-02-28,9999-12-31
F_19.00.c_TR,https://gitlab.sofa.dev/bird-subgroups/bird-transformation-rules/-/blob/main/FinRep%20subgroup/final%20generation%20rules/Template%20F_19.00.c_REF.md,G,ECB,F_19.00.c generation rule,F_19_00_c_TR,This generation rule aims to obtain template F_19.00.c from its basic building blocks,,2024-02-28,9999-12-31
F_19.00.d_TR,https://gitlab.sofa.dev/bird-subgroups/bird-transformation-rules/-/blob/main/FinRep%20subgroup/final%20generation%20rules/Template%20F_19.00.d_REF.md,G,ECB,F_19.00.d generation rule,F_19_00_d_TR,This generation rule aims to obtain template F_19.00.d from its basic building blocks,,2024-02-28,9999-12-31
F_19.00.e_TR,https://gitlab.sofa.dev/bird-subgroups/bird-transformation-rules/-/blob/main/FinRep%20subgroup/final%20generation%20rules/Template%20F_19.00.e_REF.md,G,ECB,F_19.00.e generation rule,F_19_00_e_TR,This generation rule aims to obtain template F_19.00.e from its basic building blocks,,2024-02-28,9999-12-31
F_20.01_TR,https://gitlab.sofa.dev/bird-subgroups/bird-transformation-rules/-/blob/main/FinRep%20subgroup/final%20generation%20rules/Template%20F_20.01_REF.md,G,ECB,F_20.01 generation rule,F_20_01_TR,This generation rule aims to obtain template F_20.01 from its basic building blocks,,2024-02-28,9999-12-31
F_20.02_TR,https://gitlab.sofa.dev/bird-subgroups/bird-transformation-rules/-/blob/main/FinRep%20subgroup/final%20generation%20rules/Template%20F_20.02_REF.md,G,ECB,F_20.02 generation rule,F_20_02_TR,This generation rule aims to obtain template F_20.02 from its basic building blocks,,2024-02-28,9999-12-31
F_20.04_TR,https://gitlab.sofa.dev/bird-subgroups/bird-transformation-rules/-/blob/main/FinRep%20subgroup/final%20generation%20rules/Template%20F_20.04_REF.md,G,ECB,F_20.04 generation rule,F_20_04_TR,This generation rule aims to obtain template F_20.04 from its basic building blocks,,2024-02-28,9999-12-31
F_20.05.a_TR,https://gitlab.sofa.dev/bird-subgroups/bird-transformation-rules/-/blob/main/FinRep%20subgroup/final%20generation%20rules/Template%20F_20.05.a_REF.md,G,ECB,F_20.05.a generation rule,F_20_05_a_TR,This generation rule aims to obtain template F_20.05.a from its basic building blocks,,2024-02-28,9999-12-31
F_20.05.b_TR,https://gitlab.sofa.dev/bird-subgroups/bird-transformation-rules/-/blob/main/FinRep%20subgroup/final%20generation%20rules/Template%20F_20.05.b_REF.md,G,ECB,F_20.05.b generation rule,F_20_05_b_TR,This generation rule aims to obtain template F_20.05.b from its basic building blocks,,2024-02-28,9999-12-31
F_20.06_TR,https://gitlab.sofa.dev/bird-subgroups/bird-transformation-rules/-/blob/main/FinRep%20subgroup/final%20generation%20rules/Template%20F_20.06_REF.md,G,ECB,F_20.06 generation rule,F_20_06_TR,This generation rule aims to obtain template F_20.06 from its basic building blocks,,2024-02-28,9999-12-31
F_20.07.1_TR,https://gitlab.sofa.dev/bird-subgroups/bird-transformation-rules/-/blob/main/FinRep%20subgroup/final%20generation%20rules/Template%20F_20.07.1_REF.md,G,ECB,F_20.07.1 generation rule,F_20_07_1_TR,This generation rule aims to obtain template F_20.07.1 from its basic building blocks,,2024-02-28,9999-12-31
F_21.00_TR,https://gitlab.sofa.dev/bird-subgroups/bird-transformation-rules/-/blob/main/FinRep%20subgroup/final%20generation%20rules/Template%20F_21.00_REF.md,G,ECB,F_21.00 generation rule,F_21_00_TR,This generation rule aims to obtain template F_21.00 from its basic building blocks,,2024-02-28,9999-12-31
F_23.01_TR,https://gitlab.sofa.dev/bird-subgroups/bird-transformation-rules/-/blob/main/FinRep%20subgroup/final%20generation%20rules/Template%20F_23.01_REF.md,G,ECB,F_23.01 generation rule,F_23_01_TR,This generation rule aims to obtain template F_23.01 from its basic building blocks,,2024-02-28,9999-12-31
F_23.02_TR,https://gitlab.sofa.dev/bird-subgroups/bird-transformation-rules/-/blob/main/FinRep%20subgroup/final%20generation%20rules/Template%20F_23.02_REF.md,G,ECB,F_23.02 generation rule,F_23_02_TR,This generation rule aims to obtain template F_23.02 from its basic building blocks,,2024-02-28,9999-12-31
F_23.03_TR,https://gitlab.sofa.dev/bird-subgroups/bird-transformation-rules/-/blob/main/FinRep%20subgroup/final%20generation%20rules/Template%20F_23.03_REF.md,G,ECB,F_23.03 generation rule,F_23_03_TR,This generation rule aims to obtain template F_23.03 from its basic building blocks,,2024-02-28,9999-12-31
F_23.04_TR,https://gitlab.sofa.dev/bird-subgroups/bird-transformation-rules/-/blob/main/FinRep%20subgroup/final%20generation%20rules/Template%20F_23.04_REF.md,G,ECB,F_23.04 generation rule,F_23_04_TR,This generation rule aims to obtain template F_23.04 from its basic building blocks,,2024-02-28,9999-12-31
F_23.05_TR,https://gitlab.sofa.dev/bird-subgroups/bird-transformation-rules/-/blob/main/FinRep%20subgroup/final%20generation%20rules/Template%20F_23.05_REF.md,G,ECB,F_23.05 generation rule,F_23_05_TR,This generation rule aims to obtain template F_23.05 from its basic building blocks,,2024-02-28,9999-12-31
F_23.06_TR,https://gitlab.sofa.dev/bird-subgroups/bird-transformation-rules/-/blob/main/FinRep%20subgroup/final%20generation%20rules/Template%20F_23.06_REF.md,G,ECB,F_23.06 generation rule,F_23_06_TR,This generation rule aims to obtain template F_23.06 from its basic building blocks,,2024-02-28,9999-12-31
F_25.02.a_TR,https://gitlab.sofa.dev/bird-subgroups/bird-transformation-rules/-/blob/main/FinRep%20subgroup/final%20generation%20rules/Template%20F_25.02.a_REF.md,G,ECB,F_25.02.a generation rule,F_25_02_a_TR,This generation rule aims to obtain template F_25.02.a from its basic building blocks,,2024-02-28,9999-12-31
F_25.02.b_TR,https://gitlab.sofa.dev/bird-subgroups/bird-transformation-rules/-/blob/main/FinRep%20subgroup/final%20generation%20rules/Template%20F_25.02.b_REF.md,G,ECB,F_25.02.b generation rule,F_25_02_b_TR,This generation rule aims to obtain template F_25.02.b from its basic building blocks,,2024-02-28,9999-12-31
F_25.02.c_TR,https://gitlab.sofa.dev/bird-subgroups/bird-transformation-rules/-/blob/main/FinRep%20subgroup/final%20generation%20rules/Template%20F_25.02.c_REF.md,G,ECB,F_25.02.c generation rule,F_25_02_c_TR,This generation rule aims to obtain template F_25.02.c from its basic building blocks,,2024-02-28,9999-12-31
F_25.03.a_TR,https://gitlab.sofa.dev/bird-subgroups/bird-transformation-rules/-/blob/main/FinRep%20subgroup/final%20generation%20rules/Template%20F_25.03.a_REF.md,G,ECB,F_25.03.a generation rule,F_25_03_a_TR,This generation rule aims to obtain template F_25.03.a from its basic building blocks,,2024-02-28,9999-12-31
F_25.03.b_TR,https://gitlab.sofa.dev/bird-subgroups/bird-transformation-rules/-/blob/main/FinRep%20subgroup/final%20generation%20rules/Template%20F_25.03.b_REF.md,G,ECB,F_25.03.b generation rule,F_25_03_b_TR,This generation rule aims to obtain template F_25.03.b from its basic building blocks,,2024-02-28,9999-12-31
F_26.00.a_TR,https://gitlab.sofa.dev/bird-subgroups/bird-transformation-rules/-/blob/main/FinRep%20subgroup/final%20generation%20rules/Template%20F_26.00.a_REF.md,G,ECB,F_26.00.a generation rule,F_26_00_a_TR,This generation rule aims to obtain template F_26.00.a from its basic building blocks,,2024-02-28,9999-12-31
F_26.00.b_TR,https://gitlab.sofa.dev/bird-subgroups/bird-transformation-rules/-/blob/main/FinRep%20subgroup/final%20generation%20rules/Template%20F_26.00.b_REF.md,G,ECB,F_26.00.b generation rule,F_26_00_b_TR,This generation rule aims to obtain template F_26.00.b from its basic building blocks,,2024-02-28,9999-12-31
F_31.01_TR,https://gitlab.sofa.dev/bird-subgroups/bird-transformation-rules/-/blob/main/FinRep%20subgroup/final%20generation%20rules/Template%20F_31.01_REF.md,G,ECB,F_31.01 generation rule,F_31_01_TR,This generation rule aims to obtain template F_31.01 from its basic building blocks,,2024-02-28,9999-12-31
F_40.01_TR,https://gitlab.sofa.dev/bird-subgroups/bird-transformation-rules/-/blob/main/FinRep%20subgroup/final%20generation%20rules/Template%20F_40.01_REF.md,G,ECB,F_40.01 generation rule,F_40_01_TR,This generation rule aims to obtain template F_40.01 from its basic building blocks,,2024-02-28,9999-12-31
F_40.02_TR,https://gitlab.sofa.dev/bird-subgroups/bird-transformation-rules/-/blob/main/FinRep%20subgroup/final%20generation%20rules/Template%20F_40.02_REF.md,G,ECB,F_40.02 generation rule,F_40_02_TR,This generation rule aims to obtain template F_40.02 from its basic building blocks,,2024-02-28,9999-12-31
F_41.01_TR,https://gitlab.sofa.dev/bird-subgroups/bird-transformation-rules/-/blob/main/FinRep%20subgroup/final%20generation%20rules/Template%20F_41.01_REF.md,G,ECB,F_41.01 generation rule,F_41_01_TR,This generation rule aims to obtain template F_41.01 from its basic building blocks,,2024-02-28,9999-12-31
F_41.02_TR,https://gitlab.sofa.dev/bird-subgroups/bird-transformation-rules/-/blob/main/FinRep%20subgroup/final%20generation%20rules/Template%20F_41.02_REF.md,G,ECB,F_41.02 generation rule,F_41_02_TR,This generation rule aims to obtain template F_41.02 from its basic building blocks,,2024-02-28,9999-12-31
F_42.00_TR,https://gitlab.sofa.dev/bird-subgroups/bird-transformation-rules/-/blob/main/FinRep%20subgroup/final%20generation%20rules/Template%20F_42.00_REF.md,G,ECB,F_42.00 generation rule,F_42_00_TR,This generation rule aims to obtain template F_42.00 from its basic building blocks,,2024-02-28,9999-12-31
F_32.01_TR,https://gitlab.sofa.dev/bird-subgroups/bird-transformation-rules/-/blob/main/AE%20Subgroup/Generation%20rules%20-%20Final/Template%20F_32.01_REF.md,G,ECB,F_32.01 generation rule,F_32.01_TR,This generation rule aims to obtain template F_32.01 from its basic building blocks,,2025-04-30,9999-12-31
F_32.02.a_TR,https://gitlab.sofa.dev/bird-subgroups/bird-transformation-rules/-/blob/main/AE%20Subgroup/Generation%20rules%20-%20Final/Template%20F_32.02.a_REF.md,G,ECB,F_32.02.a generation rule,F_32.02.a_TR,This generation rule aims to obtain template F_32.02.a from its basic building blocks,,2025-04-30,9999-12-31
F_32.02.b_TR,https://gitlab.sofa.dev/bird-subgroups/bird-transformation-rules/-/blob/main/AE%20Subgroup/Generation%20rules%20-%20Final/Template%20F_32.02.b_REF.md,G,ECB,F_32.02.b generation rule,F_32.02.b_TR,This generation rule aims to obtain template F_32.02.b from its basic building blocks,,2025-04-30,9999-12-31
F_32.03.a_TR,https://gitlab.sofa.dev/bird-subgroups/bird-transformation-rules/-/blob/main/AE%20Subgroup/Generation%20rules%20-%20Final/Template%20F_32.03.a_REF.md,G,ECB,F_32.03.a generation rule,F_32.03.a_TR,This generation rule aims to obtain template F_32.03.a from its basic building blocks,,2025-04-30,9999-12-31
F_32.03.b_TR,https://gitlab.sofa.dev/bird-subgroups/bird-transformation-rules/-/blob/main/AE%20Subgroup/Generation%20rules%20-%20Final/Template%20F_32.03.b_REF.md,G,ECB,F_32.03.b generation rule,F_32.03.b_TR,This generation rule aims to obtain template F_32.03.b from its basic building blocks,,2025-04-30,9999-12-31
F_32.04.a_TR,https://gitlab.sofa.dev/bird-subgroups/bird-transformation-rules/-/blob/main/AE%20Subgroup/Generation%20rules%20-%20Final/Template%20F_32.04.a_REF.md,G,ECB,F_32.04.a generation rule,F_32.04.a_TR,This generation rule aims to obtain template F_32.04.a from its basic building blocks,,2025-04-30,9999-12-31
F_32.04.b_TR,https://gitlab.sofa.dev/bird-subgroups/bird-transformation-rules/-/blob/main/AE%20Subgroup/Generation%20rules%20-%20Final/Template%20F_32.04.b_REF.md,G,ECB,F_32.04.b generation rule,F_32.04.b_TR,This generation rule aims to obtain template F_32.04.b from its basic building blocks,,2025-04-30,9999-12-31
F_33.00.a_TR,https://gitlab.sofa.dev/bird-subgroups/bird-transformation-rules/-/blob/main/AE%20Subgroup/Generation%20rules%20-%20Final/Template%20F_33.00.a_REF.md,G,ECB,F_33.00.a generation rule,F_33.00.a_TR,This generation rule aims to obtain template F_33.00.a from its basic building blocks,,2025-04-30,9999-12-31
F_33.00.b_TR,https://gitlab.sofa.dev/bird-subgroups/bird-transformation-rules/-/blob/main/AE%20Subgroup/Generation%20rules%20-%20Final/Template%20F_33.00.b_REF.md,G,ECB,F_33.00.b generation rule,F_33.00.b_TR,This generation rule aims to obtain template F_33.00.b from its basic building blocks,,2025-04-30,9999-12-31
F_34.00.a_TR,https://gitlab.sofa.dev/bird-subgroups/bird-transformation-rules/-/blob/main/AE%20Subgroup/Generation%20rules%20-%20Final/Template%20F_34.00.a_REF.md,G,ECB,F_34.00.a generation rule,F_34.00.a_TR,This generation rule aims to obtain template F_34.00.a from its basic building blocks,,2025-04-30,9999-12-31
F_34.00.b_TR,https://gitlab.sofa.dev/bird-subgroups/bird-transformation-rules/-/blob/main/AE%20Subgroup/Generation%20rules%20-%20Final/Template%20F_34.00.b_REF.md,G,ECB,F_34.00.b generation rule,F_34.00.b_TR,This generation rule aims to obtain template F_34.00.b from its basic building blocks,,2025-04-30,9999-12-31
F_34.00.c_TR,https://gitlab.sofa.dev/bird-subgroups/bird-transformation-rules/-/blob/main/AE%20Subgroup/Generation%20rules%20-%20Final/Template%20F_34.00.c_REF.md,G,ECB,F_34.00.c generation rule,F_34.00.c_TR,This generation rule aims to obtain template F_34.00.c from its basic building blocks,,2025-04-30,9999-12-31
F_35.00.a_TR,https://gitlab.sofa.dev/bird-subgroups/bird-transformation-rules/-/blob/main/AE%20Subgroup/Generation%20rules%20-%20Final/Template%20F_35.00.a_REF.md,G,ECB,F_35.00.a generation rule,F_35.00.a_TR,This generation rule aims to obtain template F_35.00.a from its basic building blocks,,2025-04-30,9999-12-31
F_35.00.b_TR,https://gitlab.sofa.dev/bird-subgroups/bird-transformation-rules/-/blob/main/AE%20Subgroup/Generation%20rules%20-%20Final/Template%20F_35.00.b_REF.md,G,ECB,F_35.00.b generation rule,F_35.00.b_TR,This generation rule aims to obtain template F_35.00.b from its basic building blocks,,2025-04-30,9999-12-31
F_35.00.c_TR,https://gitlab.sofa.dev/bird-subgroups/bird-transformation-rules/-/blob/main/AE%20Subgroup/Generation%20rules%20-%20Final/Template%20F_35.00.c_REF.md,G,ECB,F_35.00.c generation rule,F_35.00.c_TR,This generation rule aims to obtain template F_35.00.c from its basic building blocks,,2025-04-30,9999-12-31
F_35.00.d_TR,https://gitlab.sofa.dev/bird-subgroups/bird-transformation-rules/-/blob/main/AE%20Subgroup/Generation%20rules%20-%20Final/Template%20F_35.00.d_REF.md,G,ECB,F_35.00.d generation rule,F_35.00.d_TR,This generation rule aims to obtain template F_35.00.d from its basic building blocks,,2025-04-30,9999-12-31
F_36.01.a_TR,https://gitlab.sofa.dev/bird-subgroups/bird-transformation-rules/-/blob/main/AE%20Subgroup/Generation%20rules%20-%20Final/Template%20F_36.01.a_REF.md,G,ECB,F_36.01.a generation rule,F_36.01.a_TR,This generation rule aims to obtain template F_36.01.a from its basic building blocks,,2025-04-30,9999-12-31
F_36.01.b_TR,https://gitlab.sofa.dev/bird-subgroups/bird-transformation-rules/-/blob/main/AE%20Subgroup/Generation%20rules%20-%20Final/Template%20F_36.01.b_REF.md,G,ECB,F_36.01.b generation rule,F_36.01.b_TR,This generation rule aims to obtain template F_36.01.b from its basic building blocks,,2025-04-30,9999-12-31
F_36.01.c_TR,https://gitlab.sofa.dev/bird-subgroups/bird-transformation-rules/-/blob/main/AE%20Subgroup/Generation%20rules%20-%20Final/Template%20F_36.01.c_REF.md,G,ECB,F_36.01.c generation rule,F_36.01.c_TR,This generation rule aims to obtain template F_36.01.c from its basic building blocks,,2025-04-30,9999-12-31
F_36.02.a_TR,https://gitlab.sofa.dev/bird-subgroups/bird-transformation-rules/-/blob/main/AE%20Subgroup/Generation%20rules%20-%20Final/Template%20F_36.02.a_REF.md,G,ECB,F_36.02.a generation rule,F_36.02.a_TR,This generation rule aims to obtain template F_36.02.a from its basic building blocks,,2025-04-30,9999-12-31
F_36.02.b_TR,https://gitlab.sofa.dev/bird-subgroups/bird-transformation-rules/-/blob/main/AE%20Subgroup/Generation%20rules%20-%20Final/Template%20F_36.02.b_REF.md,G,ECB,F_36.02.b generation rule,F_36.02.b_TR,This generation rule aims to obtain template F_36.02.b from its basic building blocks,,2025-04-30,9999-12-31
F_36.02.c_TR,https://gitlab.sofa.dev/bird-subgroups/bird-transformation-rules/-/blob/main/AE%20Subgroup/Generation%20rules%20-%20Final/Template%20F_36.02.c_REF.md,G,ECB,F_36.02.c generation rule,F_36.02.c_TR,This generation rule aims to obtain template F_36.02.c from its basic building blocks,,2025-04-30,9999-12-31