LOGICAL_TRANSFORMATION_RULE_ID,SEMANTIC_TRANSFORMATION_RULE_ID,ALGORITHM,ADDITIONAL_FILTERS,SOURCE_LAYER,DESTINATION_LAYER,TRANSFORMATION_TYPE,VALID_FROM,VALID_TO
GEN_L__F_25.02.a_REF__01_01_1900,F_25_02_a_TR,,,EIL,ROL,GEN,1900-01-01,9999-12-31
GEN_L__F_09.02_REF__01_01_1900,F_09_02_TR,,,EIL,ROL,GEN,1900-01-01,9999-12-31
GEN_L__F_25.02.c_REF__01_01_1900,F_25_02_c_TR,,,EIL,ROL,GEN,1900-01-01,9999-12-31
GEN_L__F_13.03.1.b_REF__01_01_1900,F_13_03_1_b_TR,,,EIL,ROL,GEN,1900-01-01,9999-12-31
GEN_L__F_13.02.1.b_REF__01_01_1900,F_13_02_1_b_TR,,,EIL,ROL,GEN,1900-01-01,9999-12-31
GEN_L__F_12.02_REF__01_01_1900,F_12_02_TR,,,EIL,ROL,GEN,1900-01-01,9999-12-31
GEN_L__F_18.00.e_REF__01_01_1900,F_18_00_e_TR,,,EIL,ROL,GEN,1900-01-01,9999-12-31
GEN_L__F_42.00_REF__01_01_1900,F_42_00_TR,,,EIL,ROL,GEN,1900-01-01,9999-12-31
GEN_L__F_20.05.b_REF__01_01_1900,F_20_05_b_TR,,,EIL,ROL,GEN,1900-01-01,9999-12-31
GEN_L__F_20.05.a_REF__01_01_1900,F_20_05_a_TR,,,EIL,ROL,GEN,1900-01-01,9999-12-31
GEN_L__F_25.02.b_REF__01_01_1900,F_25_02_b_TR,,,EIL,ROL,GEN,1900-01-01,9999-12-31
GEN_L__F_19.00.d_REF__01_01_1900,F_19_00_d_TR,,,EIL,ROL,GEN,1900-01-01,9999-12-31
GEN_L__F_26.00.b_REF__01_01_1900,F_26_00_b_TR,,,EIL,ROL,GEN,1900-01-01,9999-12-31
GEN_L__F_25.03.b_REF__01_01_1900,F_25_03_b_TR,,,EIL,ROL,GEN,1900-01-01,9999-12-31
GEN_L__F_21.00_REF__01_01_1900,F_21_00_TR,,,EIL,ROL,GEN,1900-01-01,9999-12-31
GEN_L__F_09.01_REF__01_01_1900,F_09_01_TR,,,EIL,ROL,GEN,1900-01-01,9999-12-31
GEN_L__F_15.00.b_REF__01_01_1900,F_15_00_b_TR,,,EIL,ROL,GEN,1900-01-01,9999-12-31
GEN_L__F_26.00.a_REF__01_01_1900,F_26_00_a_TR,,,EIL,ROL,GEN,1900-01-01,9999-12-31
GEN_L__F_23.05_REF__01_01_1900,F_23_05_TR,,,EIL,ROL,GEN,1900-01-01,9999-12-31
GEN_L__F_23.03_REF__01_01_1900,F_23_03_TR,,,EIL,ROL,GEN,1900-01-01,9999-12-31
GEN_L__F_23.01_REF__01_01_1900,F_23_01_TR,,,EIL,ROL,GEN,1900-01-01,9999-12-31
GEN_L__F_18.02.c_REF__01_01_1900,F_18_02_c_TR,,,EIL,ROL,GEN,1900-01-01,9999-12-31
GEN_L__F_18.02.b_REF__01_01_1900,F_18_02_b_TR,,,EIL,ROL,GEN,1900-01-01,9999-12-31
GEN_L__F_13.01_REF__01_01_1900,F_13_01_TR,,,EIL,ROL,GEN,1900-01-01,9999-12-31
GEN_L__F_05.01_REF__01_01_1900,F_05_01_TR,,,EIL,ROL,GEN,1900-01-01,9999-12-31
GEN_L__F_11.02_REF__01_01_1900,F_11_02_TR,,,EIL,ROL,GEN,1900-01-01,9999-12-31
GEN_L__F_11.01_REF__01_01_1900,F_11_01_TR,,,EIL,ROL,GEN,1900-01-01,9999-12-31
GEN_L__F_10.00_REF__01_01_1900,F_10_00_TR,,,EIL,ROL,GEN,1900-01-01,9999-12-31
GEN_L__F_20.06_REF__01_01_1900,F_20_06_TR,,,EIL,ROL,GEN,1900-01-01,9999-12-31
GEN_L__F_20.02_REF__01_01_1900,F_20_02_TR,,,EIL,ROL,GEN,1900-01-01,9999-12-31
GEN_L__F_08.02_REF__01_01_1900,F_08_02_TR,,,EIL,ROL,GEN,1900-01-01,9999-12-31
GEN_L__F_41.02_REF__01_01_1900,F_41_02_TR,,,EIL,ROL,GEN,1900-01-01,9999-12-31
GEN_L__F_41.01_REF__01_01_1900,F_41_01_TR,,,EIL,ROL,GEN,1900-01-01,9999-12-31
GEN_L__F_19.00.e_REF__01_01_1900,F_19_00_e_TR,,,EIL,ROL,GEN,1900-01-01,9999-12-31
GEN_L__F_19.00.c_REF__01_01_1900,F_19_00_c_TR,,,EIL,ROL,GEN,1900-01-01,9999-12-31
GEN_L__F_19.00.a_REF__01_01_1900,F_19_00_a_TR,,,EIL,ROL,GEN,1900-01-01,9999-12-31
GEN_L__F_18.00.d_REF__01_01_1900,F_18_00_d_TR,,,EIL,ROL,GEN,1900-01-01,9999-12-31
GEN_L__F_18.00.c_REF__01_01_1900,F_18_00_c_TR,,,EIL,ROL,GEN,1900-01-01,9999-12-31
GEN_L__F_18.00.a_REF__01_01_1900,F_18_00_a_TR,,,EIL,ROL,GEN,1900-01-01,9999-12-31
GEN_L__F_15.00.a_REF__01_01_1900,F_15_00_a_TR,,,EIL,ROL,GEN,1900-01-01,9999-12-31
GEN_L__F_13.03.1.a_REF__01_01_1900,F_13_03_1_a_TR,,,EIL,ROL,GEN,1900-01-01,9999-12-31
GEN_L__F_25.03.a_REF__01_01_1900,F_25_03_a_TR,,,EIL,ROL,GEN,1900-01-01,9999-12-31
GEN_L__F_13.02.1.a_REF__01_01_1900,F_13_02_1_a_TR,,,EIL,ROL,GEN,1900-01-01,9999-12-31
GEN_L__F_04.02.1_REF__01_01_1900,F_04_02_1_TR,,,EIL,ROL,GEN,1900-01-01,9999-12-31
GEN_L__F_04.02.2_REF__01_01_1900,F_04_02_2_TR,,,EIL,ROL,GEN,1900-01-01,9999-12-31
GEN_L__F_04.07_REF__01_01_1900,F_04_07_TR,,,EIL,ROL,GEN,1900-01-01,9999-12-31
GEN_L__F_04.08_REF__01_01_1900,F_04_08_TR,,,EIL,ROL,GEN,1900-01-01,9999-12-31
GEN_L__F_18.00.b_REF__01_01_1900,F_18_00_b_TR,,,EIL,ROL,GEN,1900-01-01,9999-12-31
GEN_L__F_19.00.b_REF__01_01_1900,F_19_00_b_TR,,,EIL,ROL,GEN,1900-01-01,9999-12-31
GEN_L__F_20.04_REF__01_01_1900,F_20_04_TR,,,EIL,ROL,GEN,1900-01-01,9999-12-31
GEN_L__F_09.01.1_REF__01_01_1900,F_09_01_1_TR,,,EIL,ROL,GEN,1900-01-01,9999-12-31
GEN_L__F_06.01_REF__01_01_1900,F_06_01_TR,,,EIL,ROL,GEN,1900-01-01,9999-12-31
GEN_L__F_20.07.1_REF__01_01_1900,F_20_07_1_TR,,,EIL,ROL,GEN,1900-01-01,9999-12-31
GEN_L__F_14.00_REF__01_01_1900,F_14_00_TR,,,EIL,ROL,GEN,1900-01-01,9999-12-31
GEN_L__F_08.01.a_REF__01_01_1900,F_08_01_a_TR,,,EIL,ROL,GEN,1900-01-01,9999-12-31
GEN_L__F_08.01.b_REF__01_01_1900,F_08_01_b_TR,,,EIL,ROL,GEN,1900-01-01,9999-12-31
GEN_L__F_23.02_REF__01_01_1900,F_23_02_TR,,,EIL,ROL,GEN,1900-01-01,9999-12-31
GEN_L__F_40.01_REF__01_01_1900,F_40_01_TR,,,EIL,ROL,GEN,1900-01-01,9999-12-31
GEN_L__F_40.02_REF__01_01_1900,F_40_02_TR,,,EIL,ROL,GEN,1900-01-01,9999-12-31
GEN_L__F_18.02.a_REF__01_01_1900,F_18_02_a_TR,,,EIL,ROL,GEN,1900-01-01,9999-12-31
GEN_L__F_23.04_REF__01_01_1900,F_23_04_TR,,,EIL,ROL,GEN,1900-01-01,9999-12-31
GEN_L__F_04.03.1_REF__01_01_1900,F_04_03_1_TR,,,EIL,ROL,GEN,1900-01-01,9999-12-31
GEN_L__F_04.04.1_REF__01_01_1900,F_04_04_1_TR,,,EIL,ROL,GEN,1900-01-01,9999-12-31
GEN_L__F_04.09_REF__01_01_1900,F_04_09_TR,,,EIL,ROL,GEN,1900-01-01,9999-12-31
GEN_L__F_04.10_REF__01_01_1900,F_04_10_TR,,,EIL,ROL,GEN,1900-01-01,9999-12-31
GEN_L__F_31.01_REF__01_01_1900,F_31_01_TR,,,EIL,ROL,GEN,1900-01-01,9999-12-31
GEN_L__F_23.06_REF__01_01_1900,F_23_06_TR,,,EIL,ROL,GEN,1900-01-01,9999-12-31
GEN_L__F_01.01_REF__01_01_1900,F_01_01_TR,,,EIL,ROL,GEN,1900-01-01,9999-12-31
GEN_L__F_20.01_REF__01_01_1900,F_20_01_TR,,,EIL,ROL,GEN,1900-01-01,9999-12-31
GEN_L__F_01.02_REF__01_01_1900,F_01_02_TR,,,EIL,ROL,GEN,1900-01-01,9999-12-31
GEN_L__F_04.01_REF__01_01_1900,F_04_01_TR,,,EIL,ROL,GEN,1900-01-01,9999-12-31
GEN_L__F_04.05_REF__01_01_1900,F_04_05_TR,,,EIL,ROL,GEN,1900-01-01,9999-12-31
GEN_L__F_04.06_REF__01_01_1900,F_04_06_TR,,,EIL,ROL,GEN,1900-01-01,9999-12-31
GEN_L__F_07.01_REF__01_01_1900,F_07_01_TR,,,EIL,ROL,GEN,1900-01-01,9999-12-31
GEN_L__F_07.02_REF__01_01_1900,F_07_02_TR,,,EIL,ROL,GEN,1900-01-01,9999-12-31
GEN_L__F_11.03.1_REF__01_01_1900,F_11_03_1_TR,,,EIL,ROL,GEN,1900-01-01,9999-12-31
GEN_L__F_11.03_REF__01_01_1900,F_11_03_TR,,,EIL,ROL,GEN,1900-01-01,9999-12-31
WUDEN__BIRD_GRP_IL_1__01_01_1990,WUDEN__BIRD_GRP_IL_1__01_01_1990,,,LDM,IL,WUDEN,1990-01-01,9999-12-31
WUDEN__BIRD_PRTY_IL_1__01_01_1990,WUDEN__BIRD_PRTY_IL_1__01_01_1990,,,LDM,IL,WUDEN,1990-01-01,9999-12-31
WUDEN__BIRD_ENTTY_RL_IL_1__01_01_1990,WUDEN__BIRD_ENTTY_RL_IL_1__01_01_1990,,,LDM,IL,WUDEN,1990-01-01,9999-12-31
WUDEN__BIRD_INSTRMNT_IL_1__01_01_1990,WUDEN__BIRD_INSTRMNT_IL_1__01_01_1990,,,LDM,IL,WUDEN,1990-01-01,9999-12-31
WUDEN__BIRD_CLLTRL_IL_1__01_01_1990,WUDEN__BIRD_CLLTRL_IL_1__01_01_1990,,,LDM,IL,WUDEN,1990-01-01,9999-12-31
WUDEN__BIRD_CSH_HND_IL_1__01_01_1990,WUDEN__BIRD_CSH_HND_IL_1__01_01_1990,,,LDM,IL,WUDEN,1990-01-01,9999-12-31
WUDEN__BIRD_ASST_PL_IL_1__01_01_1990,WUDEN__BIRD_ASST_PL_IL_1__01_01_1990,,,LDM,IL,WUDEN,1990-01-01,9999-12-31
WUDEN__BIRD_PRTY_CD_IL_1__01_01_1990,WUDEN__BIRD_PRTY_CD_IL_1__01_01_1990,,,LDM,IL,WUDEN,1990-01-01,9999-12-31
WUDEN__BIRD_RTNG_GRD_IL_1__01_01_1990,WUDEN__BIRD_RTNG_GRD_IL_1__01_01_1990,,,LDM,IL,WUDEN,1990-01-01,9999-12-31
WUDEN__BIRD_NN_FNNCL_ASST_IL_1__01_01_1990,WUDEN__BIRD_NN_FNNCL_ASST_IL_1__01_01_1990,,,LDM,IL,WUDEN,1990-01-01,9999-12-31
WUDEN__BIRD_RTNG_AGNCY_IL_1__01_01_1990,WUDEN__BIRD_RTNG_AGNCY_IL_1__01_01_1990,,,LDM,IL,WUDEN,1990-01-01,9999-12-31
WUDEN__BIRD_CRDT_FCLTY_IL_1__01_01_1990,WUDEN__BIRD_CRDT_FCLTY_IL_1__01_01_1990,,,LDM,IL,WUDEN,1990-01-01,9999-12-31
WUDEN__BIRD_RTNG_SYSTM_IL_1__01_01_1990,WUDEN__BIRD_RTNG_SYSTM_IL_1__01_01_1990,,,LDM,IL,WUDEN,1990-01-01,9999-12-31
WUDEN__BIRD_SCRTY_PSTN_IL_1__01_01_1990,WUDEN__BIRD_SCRTY_PSTN_IL_1__01_01_1990,,,LDM,IL,WUDEN,1990-01-01,9999-12-31
WUDEN__BIRD_RSK_FAC_SA_IL_1__01_01_1990,WUDEN__BIRD_RSK_FAC_SA_IL_1__01_01_1990,,,LDM,IL,WUDEN,1990-01-01,9999-12-31
WUDEN__BIRD_SNTHTC_SCRTSTN_IL_1__01_01_1990,WUDEN__BIRD_SNTHTC_SCRTSTN_IL_1__01_01_1990,,,LDM,IL,WUDEN,1990-01-01,9999-12-31
WUDEN__BIRD_TRDTNL_SCRTSTN_IL_1__01_01_1990,WUDEN__BIRD_TRDTNL_SCRTSTN_IL_1__01_01_1990,,,LDM,IL,WUDEN,1990-01-01,9999-12-31
WUDEN__BIRD_NN_FNNCL_LBLTY_IL_1__01_01_1990,WUDEN__BIRD_NN_FNNCL_LBLTY_IL_1__01_01_1990,,,LDM,IL,WUDEN,1990-01-01,9999-12-31
WUDEN__BIRD_MSTR_AGRMNT_IL_1__01_01_1990,WUDEN__BIRD_MSTR_AGRMNT_IL_1__01_01_1990,,,LDM,IL,WUDEN,1990-01-01,9999-12-31
WUDEN__BIRD_OTHR_PRTY_ID_IL_1__01_01_1990,WUDEN__BIRD_OTHR_PRTY_ID_IL_1__01_01_1990,,,LDM,IL,WUDEN,1990-01-01,9999-12-31
WUDEN__BIRD_FNNCL_CNTRCT_IL_1__01_01_1990,WUDEN__BIRD_FNNCL_CNTRCT_IL_1__01_01_1990,,,LDM,IL,WUDEN,1990-01-01,9999-12-31
WUDEN__BIRD_PRTCTN_ARRNGMNT_IL_1__01_01_1990,WUDEN__BIRD_PRTCTN_ARRNGMNT_IL_1__01_01_1990,,,LDM,IL,WUDEN,1990-01-01,9999-12-31
WUDEN__BIRD_RPRCHS_AGRMNT_CMPNNT_IL_1__01_01_1990,WUDEN__BIRD_RPRCHS_AGRMNT_CMPNNT_IL_1__01_01_1990,,,LDM,IL,WUDEN,1990-01-01,9999-12-31
WUDEN__BIRD_INTRNL_GRP_RL_IL_1__01_01_1990,WUDEN__BIRD_INTRNL_GRP_RL_IL_1__01_01_1990,,,LDM,IL,WUDEN,1990-01-01,9999-12-31
WUDEN__BIRD_SCRTY_EXCHNG_TRDBL_DRVTV_IL_1__01_01_1990,WUDEN__BIRD_SCRTY_EXCHNG_TRDBL_DRVTV_IL_1__01_01_1990,,,LDM,IL,WUDEN,1990-01-01,9999-12-31
WUDEN__BIRD_CVRD_BND_PRGRM_IL_1__01_01_1990,WUDEN__BIRD_CVRD_BND_PRGRM_IL_1__01_01_1990,,,LDM,IL,WUDEN,1990-01-01,9999-12-31
WUDEN__BIRD_DBT_SCRTY_ISSD_IL_1__01_01_1990,WUDEN__BIRD_DBT_SCRTY_ISSD_IL_1__01_01_1990,,,LDM,IL,WUDEN,1990-01-01,9999-12-31
WUDEN__BIRD_SYNDCTD_CNTRCT_IL_1__01_01_1990,WUDEN__BIRD_SYNDCTD_CNTRCT_IL_1__01_01_1990,,,LDM,IL,WUDEN,1990-01-01,9999-12-31
WUDEN__BIRD_BLNC_SHT_NTTNG_IL_1__01_01_1990,WUDEN__BIRD_BLNC_SHT_NTTNG_IL_1__01_01_1990,,,LDM,IL,WUDEN,1990-01-01,9999-12-31
WUDEN__BIRD_ABSTRCT_INSTRMNT_RL_IL_1__01_01_1990,WUDEN__BIRD_ABSTRCT_INSTRMNT_RL_IL_1__01_01_1990,,,LDM,IL,WUDEN,1990-01-01,9999-12-31
WUDEN__BIRD_PRTY_PRVS_PRD_DT_IL_1__01_01_1990,WUDEN__BIRD_PRTY_PRVS_PRD_DT_IL_1__01_01_1990,,,LDM,IL,WUDEN,1990-01-01,9999-12-31
WUDEN__BIRD_TRNCH_TRDTNL_SCRTSTN_IL_1__01_01_1990,WUDEN__BIRD_TRNCH_TRDTNL_SCRTSTN_IL_1__01_01_1990,,,LDM,IL,WUDEN,1990-01-01,9999-12-31
WUDEN__BIRD_ASST_PL_LN_ASSGNMNT_IL_1__01_01_1990,WUDEN__BIRD_ASST_PL_LN_ASSGNMNT_IL_1__01_01_1990,,,LDM,IL,WUDEN,1990-01-01,9999-12-31
WUDEN__BIRD_SCRTY_ENTTY_RL_ASSGNMNT_IL_1__01_01_1990,WUDEN__BIRD_SCRTY_ENTTY_RL_ASSGNMNT_IL_1__01_01_1990,,,LDM,IL,WUDEN,1990-01-01,9999-12-31
WUDEN__BIRD_LNKD_ENTRPRS_ASSGNMNT_IL_1__01_01_1990,WUDEN__BIRD_LNKD_ENTRPRS_ASSGNMNT_IL_1__01_01_1990,,,LDM,IL,WUDEN,1990-01-01,9999-12-31
WUDEN__BIRD_PRTNR_ENTRPRS_ASSGNMNT_IL_1__01_01_1990,WUDEN__BIRD_PRTNR_ENTRPRS_ASSGNMNT_IL_1__01_01_1990,,,LDM,IL,WUDEN,1990-01-01,9999-12-31
WUDEN__BIRD_INSTRMNT_ENTTY_RL_ASSGNMNT_IL_1__01_01_1990,WUDEN__BIRD_INSTRMNT_ENTTY_RL_ASSGNMNT_IL_1__01_01_1990,,,LDM,IL,WUDEN,1990-01-01,9999-12-31
WUDEN__BIRD_EXCHNG_TRDBL_DRVTV_POSTN_RL_IL_1__01_01_1990,WUDEN__BIRD_EXCHNG_TRDBL_DRVTV_POSTN_RL_IL_1__01_01_1990,,,LDM,IL,WUDEN,1990-01-01,9999-12-31
WUDEN__BIRD_RTNG_GRD_CNTRY_ASSGNMNT_IL_1__01_01_1990,WUDEN__BIRD_RTNG_GRD_CNTRY_ASSGNMNT_IL_1__01_01_1990,,,LDM,IL,WUDEN,1990-01-01,9999-12-31
WUDEN__BIRD_EXCHNG_TRDBL_DRVTV_PSTN_IL_1__01_01_1990,WUDEN__BIRD_EXCHNG_TRDBL_DRVTV_PSTN_IL_1__01_01_1990,,,LDM,IL,WUDEN,1990-01-01,9999-12-31
WUDEN__BIRD_INTRST_RT_RSK_HDG_PRTFL_IL_1__01_01_1990,WUDEN__BIRD_INTRST_RT_RSK_HDG_PRTFL_IL_1__01_01_1990,,,LDM,IL,WUDEN,1990-01-01,9999-12-31
WUDEN__BIRD_CRDT_RSK_MTGTN_ASSGNMNT_IL_1__01_01_1990,WUDEN__BIRD_CRDT_RSK_MTGTN_ASSGNMNT_IL_1__01_01_1990,,,LDM,IL,WUDEN,1990-01-01,9999-12-31
WUDEN__BIRD_INSTRMNT_HDGD_OTC_DRVTV_IL_1__01_01_1990,WUDEN__BIRD_INSTRMNT_HDGD_OTC_DRVTV_IL_1__01_01_1990,,,LDM,IL,WUDEN,1990-01-01,9999-12-31
WUDEN__BIRD_TRNCH_SYNTHTC_SCRTSTN_WTHT_SSPE_DPST_IL_1__01_01_1990,WUDEN__BIRD_TRNCH_SYNTHTC_SCRTSTN_WTHT_SSPE_DPST_IL_1__01_01_1990,,,LDM,IL,WUDEN,1990-01-01,9999-12-31
WUDEN__BIRD_SCRTY_PSTN_HDGD_OTC_DRVTV_IL_1__01_01_1990,WUDEN__BIRD_SCRTY_PSTN_HDGD_OTC_DRVTV_IL_1__01_01_1990,,,LDM,IL,WUDEN,1990-01-01,9999-12-31
WUDEN__BIRD_RTNG_SYSTM_APPLD_LGL_PRSN_IL_1__01_01_1990,WUDEN__BIRD_RTNG_SYSTM_APPLD_LGL_PRSN_IL_1__01_01_1990,,,LDM,IL,WUDEN,1990-01-01,9999-12-31
WUDEN__BIRD_CRDT_FCLTY_CLLTRL_ASSGNMNT_IL_1__01_01_1990,WUDEN__BIRD_CRDT_FCLTY_CLLTRL_ASSGNMNT_IL_1__01_01_1990,,,LDM,IL,WUDEN,1990-01-01,9999-12-31
WUDEN__BIRD_CRDT_FCLTY_ENTTY_RL_ASSGNMNT_IL_1__01_01_1990,WUDEN__BIRD_CRDT_FCLTY_ENTTY_RL_ASSGNMNT_IL_1__01_01_1990,,,LDM,IL,WUDEN,1990-01-01,9999-12-31
WUDEN__BIRD_PRTCTN_PRTCTN_PRVD_ASSGNMNT_IL_1__01_01_1990,WUDEN__BIRD_PRTCTN_PRTCTN_PRVD_ASSGNMNT_IL_1__01_01_1990,,,LDM,IL,WUDEN,1990-01-01,9999-12-31
WUDEN__BIRD_IMMDT_PRNT_ENTRPRS_ASSGNMNT_IL_1__01_01_1990,WUDEN__BIRD_IMMDT_PRNT_ENTRPRS_ASSGNMNT_IL_1__01_01_1990,,,LDM,IL,WUDEN,1990-01-01,9999-12-31
WUDEN__BIRD_MSTR_AGRMNT_ENTTY_RL_ASSGNMNT_IL_1__01_01_1990,WUDEN__BIRD_MSTR_AGRMNT_ENTTY_RL_ASSGNMNT_IL_1__01_01_1990,,,LDM,IL,WUDEN,1990-01-01,9999-12-31
WUDEN__BIRD_TRNCH_SYNTHTC_SCRTSTN_WTHT_SSPE_FNNCL_GRNT_IL_1__01_01_1990,WUDEN__BIRD_TRNCH_SYNTHTC_SCRTSTN_WTHT_SSPE_FNNCL_GRNT_IL_1__01_01_1990,,,LDM,IL,WUDEN,1990-01-01,9999-12-31
WUDEN__BIRD_SCRTY_HDGD_EXCHNG_TRDBL_DRVTV_IL_1__01_01_1990,WUDEN__BIRD_SCRTY_HDGD_EXCHNG_TRDBL_DRVTV_IL_1__01_01_1990,,,LDM,IL,WUDEN,1990-01-01,9999-12-31
WUDEN__BIRD_CLLTRL_NN_FNNCL_ASST_ASSGNMNT_IL_1__01_01_1990,WUDEN__BIRD_CLLTRL_NN_FNNCL_ASST_ASSGNMNT_IL_1__01_01_1990,,,LDM,IL,WUDEN,1990-01-01,9999-12-31
WUDEN__BIRD_SHRT_SCRTY_PSTN_PRDNTL_PRTFL_ASSGNMNT_IL_1__01_01_1990,WUDEN__BIRD_SHRT_SCRTY_PSTN_PRDNTL_PRTFL_ASSGNMNT_IL_1__01_01_1990,,,LDM,IL,WUDEN,1990-01-01,9999-12-31
WUDEN__BIRD_RTNG_GRD_OTHR_ORGNSTN_ASSGNMNT_IL_1__01_01_1990,WUDEN__BIRD_RTNG_GRD_OTHR_ORGNSTN_ASSGNMNT_IL_1__01_01_1990,,,LDM,IL,WUDEN,1990-01-01,9999-12-31
WUDEN__BIRD_ASST_PL_DBT_SCRTY_PSTN_ASSGNMNT_IL_1__01_01_1990,WUDEN__BIRD_ASST_PL_DBT_SCRTY_PSTN_ASSGNMNT_IL_1__01_01_1990,,,LDM,IL,WUDEN,1990-01-01,9999-12-31
WUDEN__BIRD_CRDT_TRNSFR_OTHR_SCRTSTN_CVRD_BND_PRGRM_IL_1__01_01_1990,WUDEN__BIRD_CRDT_TRNSFR_OTHR_SCRTSTN_CVRD_BND_PRGRM_IL_1__01_01_1990,,,LDM,IL,WUDEN,1990-01-01,9999-12-31
WUDEN__BIRD_SCTRY_BRRWNG_LNDNG_TRNSCTN_INCLDNG_CSH_CLLTRL_IL_1__01_01_1990,WUDEN__BIRD_SCTRY_BRRWNG_LNDNG_TRNSCTN_INCLDNG_CSH_CLLTRL_IL_1__01_01_1990,,,LDM,IL,WUDEN,1990-01-01,9999-12-31
WUDEN__BIRD_INSTRMNT_HDGD_EXCHNG_TRDBL_DRVTV_IL_1__01_01_1990,WUDEN__BIRD_INSTRMNT_HDGD_EXCHNG_TRDBL_DRVTV_IL_1__01_01_1990,,,LDM,IL,WUDEN,1990-01-01,9999-12-31
WUDEN__BIRD_INSTRMNT_PRTCN_ARRNGMNT_ASSGNMNT_IL_1__01_01_1990,WUDEN__BIRD_INSTRMNT_PRTCN_ARRNGMNT_ASSGNMNT_IL_1__01_01_1990,,,LDM,IL,WUDEN,1990-01-01,9999-12-31
WUDEN__BIRD_OFF_BLNC_INSTRMNT_CLLTRL_ASSGNMNT_IL_1__01_01_1990,WUDEN__BIRD_OFF_BLNC_INSTRMNT_CLLTRL_ASSGNMNT_IL_1__01_01_1990,,,LDM,IL,WUDEN,1990-01-01,9999-12-31
WUDEN__BIRD_MSTR_AGRMNT_FNNCL_CNTRCT_ASSGNMNT_IL_1__01_01_1990,WUDEN__BIRD_MSTR_AGRMNT_FNNCL_CNTRCT_ASSGNMNT_IL_1__01_01_1990,,,LDM,IL,WUDEN,1990-01-01,9999-12-31
WUDEN__BIRD_LNG_SCRTY_PSTN_PRDNTL_PRTFL_ASSGNMNT_IL_1__01_01_1990,WUDEN__BIRD_LNG_SCRTY_PSTN_PRDNTL_PRTFL_ASSGNMNT_IL_1__01_01_1990,,,LDM,IL,WUDEN,1990-01-01,9999-12-31
WUDEN__BIRD_DBT_SCRTY_PRTCTN_ARRNGMNT_ASSGNMNT_IL_1__01_01_1990,WUDEN__BIRD_DBT_SCRTY_PRTCTN_ARRNGMNT_ASSGNMNT_IL_1__01_01_1990,,,LDM,IL,WUDEN,1990-01-01,9999-12-31
WUDEN__BIRD_NTRL_PRSN_KY_MNGMNT_PRSNLL_ASSGNMNT_IL_1__01_01_1990,WUDEN__BIRD_NTRL_PRSN_KY_MNGMNT_PRSNLL_ASSGNMNT_IL_1__01_01_1990,,,LDM,IL,WUDEN,1990-01-01,9999-12-31
WUDEN__BIRD_GRP_CLNTS_KY_MNGMNT_PRSNLL_ASSGNMNT_IL_1__01_01_1990,WUDEN__BIRD_GRP_CLNTS_KY_MNGMNT_PRSNLL_ASSGNMNT_IL_1__01_01_1990,,,LDM,IL,WUDEN,1990-01-01,9999-12-31
WUDEN__BIRD_INTRNL_GRP_KY_MNGMNT_PRSNLL_ASSGNMNT_IL_1__01_01_1990,WUDEN__BIRD_INTRNL_GRP_KY_MNGMNT_PRSNLL_ASSGNMNT_IL_1__01_01_1990,,,LDM,IL,WUDEN,1990-01-01,9999-12-31
WUDEN__BIRD_ASST_PL_EQT_INSTRMNT_NT_SCRT_ASSGNMNT_IL_1__01_01_1990,WUDEN__BIRD_ASST_PL_EQT_INSTRMNT_NT_SCRT_ASSGNMNT_IL_1__01_01_1990,,,LDM,IL,WUDEN,1990-01-01,9999-12-31
WUDEN__BIRD_ETD_LBLTY_PSTN_SNTHTC_SCRTSTN_ASSGNMNT_IL_1__01_01_1990,WUDEN__BIRD_ETD_LBLTY_PSTN_SNTHTC_SCRTSTN_ASSGNMNT_IL_1__01_01_1990,,,LDM,IL,WUDEN,1990-01-01,9999-12-31
WUDEN__BIRD_DBT_SCRTY_ISSD_TRDTNL_SCRTSTN_ASSGNMNT_IL_1__01_01_1990,WUDEN__BIRD_DBT_SCRTY_ISSD_TRDTNL_SCRTSTN_ASSGNMNT_IL_1__01_01_1990,,,LDM,IL,WUDEN,1990-01-01,9999-12-31
WUDEN__BIRD_INSTRMNT_CLLTRL_RCVD_INSTRMNT_ASSGNMNT_IL_1__01_01_1990,WUDEN__BIRD_INSTRMNT_CLLTRL_RCVD_INSTRMNT_ASSGNMNT_IL_1__01_01_1990,,,LDM,IL,WUDEN,1990-01-01,9999-12-31
WUDEN__BIRD_LNG_NN_NGTBL_SCRTY_PSTN_CLLTRL_ASSGNMNT_IL_1__01_01_1990,WUDEN__BIRD_LNG_NN_NGTBL_SCRTY_PSTN_CLLTRL_ASSGNMNT_IL_1__01_01_1990,,,LDM,IL,WUDEN,1990-01-01,9999-12-31
WUDEN__BIRD_CRDT_FCLTY_CLLTRL_RCVD_INSTRMNT_ASSGNMNT_IL_1__01_01_1990,WUDEN__BIRD_CRDT_FCLTY_CLLTRL_RCVD_INSTRMNT_ASSGNMNT_IL_1__01_01_1990,,,LDM,IL,WUDEN,1990-01-01,9999-12-31
WUDEN__BIRD_LN_EXCLDNG_RPRCHS_AGRMNT_CLLTRL_ASSGNMNT_IL_1__01_01_1990,WUDEN__BIRD_LN_EXCLDNG_RPRCHS_AGRMNT_CLLTRL_ASSGNMNT_IL_1__01_01_1990,,,LDM,IL,WUDEN,1990-01-01,9999-12-31
WUDEN__BIRD_SCRTY_SCRTY_RPRCHS_AGRMNT_CMPNNT_ASSGNMNT_IL_1__01_01_1990,WUDEN__BIRD_SCRTY_SCRTY_RPRCHS_AGRMNT_CMPNNT_ASSGNMNT_IL_1__01_01_1990,,,LDM,IL,WUDEN,1990-01-01,9999-12-31
WUDEN__BIRD_OTC_DRVTV_INSTRMNT_SNTHTC_SCRTSTN_ASSGNMNT_IL_1__01_01_1990,WUDEN__BIRD_OTC_DRVTV_INSTRMNT_SNTHTC_SCRTSTN_ASSGNMNT_IL_1__01_01_1990,,,LDM,IL,WUDEN,1990-01-01,9999-12-31
WUDEN__BIRD_LNG_SCRTY_PSTN_PRDNTL_PRTFL_ASSGNMNT_RSK_DT_IL_1__01_01_1990,WUDEN__BIRD_LNG_SCRTY_PSTN_PRDNTL_PRTFL_ASSGNMNT_RSK_DT_IL_1__01_01_1990,,,LDM,IL,WUDEN,1990-01-01,9999-12-31
WUDEN__BIRD_RTNG_GRD_ISS_BSD_RTNG_SSTM_DBT_SCRTY_ASSGNMNT_IL_1__01_01_1990,WUDEN__BIRD_RTNG_GRD_ISS_BSD_RTNG_SSTM_DBT_SCRTY_ASSGNMNT_IL_1__01_01_1990,,,LDM,IL,WUDEN,1990-01-01,9999-12-31
WUDEN__BIRD_FNNCL_GRNT_INSTRMNT_DBT_SCRT_DBT_SCRTY_ASSGNMNT_IL_1__01_01_1990,WUDEN__BIRD_FNNCL_GRNT_INSTRMNT_DBT_SCRT_DBT_SCRTY_ASSGNMNT_IL_1__01_01_1990,,,LDM,IL,WUDEN,1990-01-01,9999-12-31
WUDEN__BIRD_FNDMNTL_RVW_TRDNG_BK_STNDRD_APPRCH_RSK_MSR_OTC_PSTNS_IL_1__01_01_1990,WUDEN__BIRD_FNDMNTL_RVW_TRDNG_BK_STNDRD_APPRCH_RSK_MSR_OTC_PSTNS_IL_1__01_01_1990,,,LDM,IL,WUDEN,1990-01-01,9999-12-31
WUDEN__BIRD_FNDMNTL_RVW_TRDNG_BK_STNDRD_APPRCH_RSK_MSR_ETD_PSTNS_IL_1__01_01_1990,WUDEN__BIRD_FNDMNTL_RVW_TRDNG_BK_STNDRD_APPRCH_RSK_MSR_ETD_PSTNS_IL_1__01_01_1990,,,LDM,IL,WUDEN,1990-01-01,9999-12-31
WUDEN__BIRD_FNDMNTL_RVW_TRDNG_BK_STNDRD_APPRCH_RSK_MSR_FR_SCRTY_PSTNS_IL_1__01_01_1990,WUDEN__BIRD_FNDMNTL_RVW_TRDNG_BK_STNDRD_APPRCH_RSK_MSR_FR_SCRTY_PSTNS_IL_1__01_01_1990,,,LDM,IL,WUDEN,1990-01-01,9999-12-31
WUDEN__BIRD_LNG_DBT_SCRTY_PSTN_PRDNTL_PRTFL_ASSGNMNT_ENCMBRNC_DT_IL_1__01_01_1990,WUDEN__BIRD_LNG_DBT_SCRTY_PSTN_PRDNTL_PRTFL_ASSGNMNT_ENCMBRNC_DT_IL_1__01_01_1990,,,LDM,IL,WUDEN,1990-01-01,9999-12-31
WUDEN__BIRD_LNG_EQTY_FND_SCRTY_PSTN_PRDNTL_PRTFL_ASSGNMNT_ENCMBRNC_DT_IL_1__01_01_1990,WUDEN__BIRD_LNG_EQTY_FND_SCRTY_PSTN_PRDNTL_PRTFL_ASSGNMNT_ENCMBRNC_DT_IL_1__01_01_1990,,,LDM,IL,WUDEN,1990-01-01,9999-12-31
WUDEN__BIRD_LNG_SCRTY_PSTN_PRDNTL_PRTFL_ASSGNMNT_ACCNTNG_CLSSFCTN_FNNCL_ASSTS_ASSGNMNT_IL_1__01_01_1990,WUDEN__BIRD_LNG_SCRTY_PSTN_PRDNTL_PRTFL_ASSGNMNT_ACCNTNG_CLSSFCTN_FNNCL_ASSTS_ASSGNMNT_IL_1__01_01_1990,,,LDM,IL,WUDEN,1990-01-01,9999-12-31
DER__BIRD_INSTRMNT_RL_EIL_1__ACCMLTD_CHNG_NGTV__01_01_1990,ACCMLTD_CHNG_NGTV_TR,"SET BIRD_INSTRMNT_RL_EIL.ACCMLTD_CHNG_NGTV =
        CASE
            WHEN BIRD_INSTRMNT_RL_IL.TYP_ABSTRCT_INSTRMNT_RL = 71
                AND BIRD_CLLTRL_IL.TKN_PSSSSN_DT > DATEADD(month,-3,BIRD_CLLTRL_IL.DT_RFRNC) 
                AND BIRD_CLLTRL_IL.TKN_PSSSSN_DT < BIRD_CLLTRL_IL.DT_RFRNC
                AND BIRD_CLLTRL_IL.INTL_RCGNTN_VL - BIRD_CLLTRL_IL.CRRYNG_AMNT < 0 
                    THEN BIRD_CLLTRL_IL.INTL_RCGNTN_VL - BIRD_CLLTRL_IL.CRRYNG_AMNT
            ELSE 'N/A'
        END;",,IL,EIL,DER,1990-01-01,9999-12-31
DER__BIRD_CLLTRL_EIL_1__ACCMLTD_CHNG_NGTV__01_01_1990,ACCMLTD_CHNG_NGTV_TR,"SET BIRD_CLLTRL_EIL.ACCMLTD_CHNG_NGTV =
        CASE
            WHEN BIRD_INSTRMNT_RL_IL.TYP_ABSTRCT_INSTRMNT_RL = 71
                AND BIRD_CLLTRL_IL.TKN_PSSSSN_DT > DATEADD(month,-3,BIRD_CLLTRL_IL.DT_RFRNC) 
                AND BIRD_CLLTRL_IL.TKN_PSSSSN_DT < BIRD_CLLTRL_IL.DT_RFRNC
                AND BIRD_CLLTRL_IL.INTL_RCGNTN_VL - BIRD_CLLTRL_IL.CRRYNG_AMNT < 0 
                    THEN BIRD_CLLTRL_IL.INTL_RCGNTN_VL - BIRD_CLLTRL_IL.CRRYNG_AMNT
            ELSE 'N/A'
        END;",,IL,EIL,DER,1990-01-01,9999-12-31
DER__BIRD_INSTRMNT_EIL_1__ACCMLTD_CVRG_RT__01_01_1990,ACCMLTD_CVRG_RT_TR,"SET BIRD_INSTRMNT_EIL.ACCMLTD_CVRG_RT =
        CASE
            WHEN BIRD_INSTRMNT_RL_IL.SBJCT_IMPRMNT_INDCTR = 1 
                AND BIRD_INSTRMNT_RL_IL.ACCNTNG_CLSSFCTN IN (14, 45,6, 8,73, 74) 
                THEN BIRD_INSTRMNT_RL_IL.ACCMLTD_IMPRMNT/BIRD_INSTRMNT_RL_EIL.GRSS_CRRYNG_AMNT

            WHEN BIRD_INSTRMNT_RL_IL.SBJCT_IMPRMNT_INDCTR = 2 
                AND BIRD_PRTY_IL.PRFRMNG_STTS=1 
                AND BIRD_INSTRMNT_RL_IL.ACCNTNG_CLSSFCTN IN (4,41,47, 7,9) 
                THEN BIRD_INSTRMNT_RL_IL.ACCMLTD_CHNGS_FV_CR/BIRD_INSTRMNT_RL_EIL.GRSS_CRRYNG_AMNT
    
            WHEN BIRD_INSTRMNT_RL_IL.SBJCT_IMPRMNT_INDCTR = 1 
                AND BIRD_INSTRMNT_RL_IL.ACCNTNG_CLSSFCTN IN (77,76,9)
                THEN
                    CASE
                        WHEN BIRD_INSTRMNT_RL_IL.IMPRMNT_STTS=26 THEN BIRD_INSTRMNT_RL_IL.ACCMLTD_CVRG_RT = BIRD_INSTRMNT_RL_IL.ACCMLTD_IMPRMNT/BIRD_INSTRMNT_RL_EIL.GRSS_CRRYNG_AMNT
                        WHEN BIRD_INSTRMNT_RL_IL.IMPRMNT_STTS=21 THEN BIRD_INSTRMNT_RL_IL.ACCMLTD_CVRG_RT=BIRD_INSTRMNT_RL_IL.GNRL_ALLWNCS_BNK_RSK+BIRD_INSTRMNT_RL_IL.GNRL_ALLWNCS_CRDT_RSK/BIRD_INSTRMNT_RL_EIL.GRSS_CRRYNG_AMNT
                    END

            WHEN BIRD_INSTRMNT_RL_IL.SBJCT_IMPRMNT_INDCTR=2 
                AND BIRD_PRTY_IL.PRFRMNG_STTS=1 
                AND BIRD_INSTRMNT_RL_IL.IMPRMNT_STTS=0 
                THEN BIRD_INSTRMNT_RL_IL.ACCMLTD_CHNGS_FV_CR/BIRD_INSTRMNT_RL_EIL.GRSS_CRRYNG_AMNT
            
            ELSE NULL
        END;",,IL,EIL,DER,1990-01-01,9999-12-31
DER__BIRD_LNG_SCRTY_PSTN_PRDNTL_PRTFL_ASSGNMNT_ACCNTNG_CLSSFCTN_FNNCL_ASSTS_ASSGNMNT_EIL_1__ACCMLTD_CVRG_RT__01_01_1990,ACCMLTD_CVRG_RT_TR,"SET BIRD_LNG_SCRTY_PSTN_PRDNTL_PRTFL_ASSGNMNT_ACCNTNG_CLSSFCTN_FNNCL_ASSTS_ASSGNMNT_EIL.ACCMLTD_CVRG_RT =
        CASE
            WHEN BIRD_LNG_SCRTY_PSTN_PRDNTL_PRTFL_ASSGNMNT_ACCNTNG_CLSSFCTN_FNNCL_ASSTS_ASSGNMNT_IL.SBJCT_IMPRMNT_INDCTR = 1 
                AND BIRD_LNG_SCRTY_PSTN_PRDNTL_PRTFL_ASSGNMNT_ACCNTNG_CLSSFCTN_FNNCL_ASSTS_ASSGNMNT_IL.ACCNTNG_CLSSFCTN IN (14, 45,6, 8,73, 74) 
                THEN BIRD_LNG_SCRTY_PSTN_PRDNTL_PRTFL_ASSGNMNT_ACCNTNG_CLSSFCTN_FNNCL_ASSTS_ASSGNMNT_IL.ACCMLTD_IMPRMNT/BIRD_LNG_SCRTY_PSTN_PRDNTL_PRTFL_ASSGNMNT_ACCNTNG_CLSSFCTN_FNNCL_ASSTS_ASSGNMNT_EIL.GRSS_CRRYNG_AMNT

            WHEN BIRD_LNG_SCRTY_PSTN_PRDNTL_PRTFL_ASSGNMNT_ACCNTNG_CLSSFCTN_FNNCL_ASSTS_ASSGNMNT_IL.SBJCT_IMPRMNT_INDCTR = 2 
                AND BIRD_PRTY_IL.PRFRMNG_STTS=1 
                AND BIRD_LNG_SCRTY_PSTN_PRDNTL_PRTFL_ASSGNMNT_ACCNTNG_CLSSFCTN_FNNCL_ASSTS_ASSGNMNT_IL.ACCNTNG_CLSSFCTN IN (4,41,47, 7,9) 
                THEN BIRD_LNG_SCRTY_PSTN_PRDNTL_PRTFL_ASSGNMNT_ACCNTNG_CLSSFCTN_FNNCL_ASSTS_ASSGNMNT_IL.ACCMLTD_CHNGS_FV_CR/BIRD_LNG_SCRTY_PSTN_PRDNTL_PRTFL_ASSGNMNT_ACCNTNG_CLSSFCTN_FNNCL_ASSTS_ASSGNMNT_EIL.GRSS_CRRYNG_AMNT
    
            WHEN BIRD_LNG_SCRTY_PSTN_PRDNTL_PRTFL_ASSGNMNT_ACCNTNG_CLSSFCTN_FNNCL_ASSTS_ASSGNMNT_IL.SBJCT_IMPRMNT_INDCTR = 1 
                AND BIRD_LNG_SCRTY_PSTN_PRDNTL_PRTFL_ASSGNMNT_ACCNTNG_CLSSFCTN_FNNCL_ASSTS_ASSGNMNT_IL.ACCNTNG_CLSSFCTN IN (77,76,9)
                THEN
                    CASE
                        WHEN BIRD_LNG_SCRTY_PSTN_PRDNTL_PRTFL_ASSGNMNT_ACCNTNG_CLSSFCTN_FNNCL_ASSTS_ASSGNMNT_IL.IMPRMNT_STTS=26 THEN BIRD_LNG_SCRTY_PSTN_PRDNTL_PRTFL_ASSGNMNT_ACCNTNG_CLSSFCTN_FNNCL_ASSTS_ASSGNMNT_IL.ACCMLTD_CVRG_RT = BIRD_LNG_SCRTY_PSTN_PRDNTL_PRTFL_ASSGNMNT_ACCNTNG_CLSSFCTN_FNNCL_ASSTS_ASSGNMNT_IL.ACCMLTD_IMPRMNT/BIRD_LNG_SCRTY_PSTN_PRDNTL_PRTFL_ASSGNMNT_ACCNTNG_CLSSFCTN_FNNCL_ASSTS_ASSGNMNT_EIL.GRSS_CRRYNG_AMNT
                        WHEN BIRD_LNG_SCRTY_PSTN_PRDNTL_PRTFL_ASSGNMNT_ACCNTNG_CLSSFCTN_FNNCL_ASSTS_ASSGNMNT_IL.IMPRMNT_STTS=21 THEN BIRD_LNG_SCRTY_PSTN_PRDNTL_PRTFL_ASSGNMNT_ACCNTNG_CLSSFCTN_FNNCL_ASSTS_ASSGNMNT_IL.ACCMLTD_CVRG_RT=BIRD_LNG_SCRTY_PSTN_PRDNTL_PRTFL_ASSGNMNT_ACCNTNG_CLSSFCTN_FNNCL_ASSTS_ASSGNMNT_IL.GNRL_ALLWNCS_BNK_RSK+BIRD_LNG_SCRTY_PSTN_PRDNTL_PRTFL_ASSGNMNT_ACCNTNG_CLSSFCTN_FNNCL_ASSTS_ASSGNMNT_IL.GNRL_ALLWNCS_CRDT_RSK/BIRD_LNG_SCRTY_PSTN_PRDNTL_PRTFL_ASSGNMNT_ACCNTNG_CLSSFCTN_FNNCL_ASSTS_ASSGNMNT_EIL.GRSS_CRRYNG_AMNT
                    END

            WHEN BIRD_LNG_SCRTY_PSTN_PRDNTL_PRTFL_ASSGNMNT_ACCNTNG_CLSSFCTN_FNNCL_ASSTS_ASSGNMNT_IL.SBJCT_IMPRMNT_INDCTR=2 
                AND BIRD_PRTY_IL.PRFRMNG_STTS=1 
                AND BIRD_LNG_SCRTY_PSTN_PRDNTL_PRTFL_ASSGNMNT_ACCNTNG_CLSSFCTN_FNNCL_ASSTS_ASSGNMNT_IL.IMPRMNT_STTS=0 
                THEN BIRD_LNG_SCRTY_PSTN_PRDNTL_PRTFL_ASSGNMNT_ACCNTNG_CLSSFCTN_FNNCL_ASSTS_ASSGNMNT_IL.ACCMLTD_CHNGS_FV_CR/BIRD_LNG_SCRTY_PSTN_PRDNTL_PRTFL_ASSGNMNT_ACCNTNG_CLSSFCTN_FNNCL_ASSTS_ASSGNMNT_EIL.GRSS_CRRYNG_AMNT
            
            ELSE NULL
        END;",,IL,EIL,DER,1990-01-01,9999-12-31
DER__BIRD_SNTHTC_SCRTSTN_EIL_1__AMNT_DRCGNSD_CPTL_PRPS__01_01_1990,AMNT_DRCGNSD_CPTL_PRPS_TR,"SET BIRD_SNTHTC_SCRTSTN_EIL.AMNT_DRCGNSD_CPTL_PRPS = 
      CASE
        WHEN BIRD_SNTHTC_SCRTSTN_IL.SGNFCNT_RSK_TRNSFR_INDCTR = 1
        THEN BIRD_LNG_SCRTY_PSTN_PRDNTL_PRTFL_ASSGNMNT_ACCNTNG_CLSSFCTN_FNNCL_ASSTS_ASSGNMNT_IL.CRRYNG_AMNT
        ELSE 'N/A'
      END;",,IL,EIL,DER,1990-01-01,9999-12-31
DER__BIRD_TRDTNL_SCRTSTN_EIL_1__AMNT_DRCGNSD_CPTL_PRPS__01_01_1990,AMNT_DRCGNSD_CPTL_PRPS_TR,"SET BIRD_TRDTNL_SCRTSTN_EIL.AMNT_DRCGNSD_CPTL_PRPS = 
      CASE
        WHEN BIRD_TRDTNL_SCRTSTN_IL.SGNFCNT_RSK_TRNSFR_INDCTR = 1
        THEN BIRD_LNG_SCRTY_PSTN_PRDNTL_PRTFL_ASSGNMNT_ACCNTNG_CLSSFCTN_FNNCL_ASSTS_ASSGNMNT_IL.CRRYNG_AMNT
        ELSE 'N/A'
      END;",,IL,EIL,DER,1990-01-01,9999-12-31
DER__BIRD_INSTRMNT_RL_EIL_1__APPLCTN_FRBRNC_STTS_DT__01_01_1990,APPLCTN_FRBRNC_STTS_DT_TR,"SET BIRD_INSTRMNT_RL_EIL.APPLCTN_FRBRNC_STTS_DT = 
      CASE
        WHEN BIRD_INSTRMNT_RL_IL.DT_FRBRNC_STTS > DATEADD(month,-3,BIRD_INSTRMNT_RL_IL.DT_RFRNC) 
        AND BIRD_INSTRMNT_RL_IL.DT_FRBRNC_STTS < BIRD_INSTRMNT_RL_IL.DT_RFRNC
        THEN 2
        ELSE -1
      END;",,IL,EIL,DER,1990-01-01,9999-12-31
DER__BIRD_SCRTY_PSTN_EIL_1__APPLCTN_FRBRNC_STTS_DT__01_01_1990,APPLCTN_FRBRNC_STTS_DT_TR,"SET BIRD_SCRTY_PSTN_EIL.APPLCTN_FRBRNC_STTS_DT = 
      CASE
        WHEN BIRD_SCRTY_PSTN_IL.DT_FRBRNC_STTS > DATEADD(month,-3BIRD_SCRTY_PSTN_IL.DT_RFRNC) 
        AND BIRD_SCRTY_PSTN_IL.DT_FRBRNC_STTS < BIRD_SCRTY_PSTN_IL.DT_RFRNC
        THEN 2
        ELSE -1
      END;",,IL,EIL,DER,1990-01-01,9999-12-31
DER__BIRD_CLLTRL_EIL_1__TM_SNC_INTL_RCGNTN__01_01_1990,TM_SNC_INTL_RCGNTN_TR,"SET TM_SNC_RCGNTN = BIRD_CLLTRL_IL.DT_RFRNC - BIRD_CLLTRL_IL.TKN_PSSSSN_DT,
        BIRD_CLLTRL_EIL.TM_SNC_INTL_RCGNTN = 
            CASE
                WHEN TM_SNC_RCGNTN/365 > 0 AND TM_SNC_RCGNTN/365 <= 1 THEN 20
                WHEN TM_SNC_RCGNTN/365 > 1 AND TM_SNC_RCGNTN/365 <= 2 THEN 27
                WHEN TM_SNC_RCGNTN/365 > 2 AND TM_SNC_RCGNTN/365 <= 5 THEN 29
                WHEN TM_SNC_RCGNTN/365 > 5 THEN 37
            END;",,IL,EIL,DER,1990-01-01,9999-12-31
DER__BIRD_INSTRMNT_RL_EIL_1__TRNSFR_IMPRMNT_STGS__01_01_1990,TRNSFR_IMPRMNT_STGS_TR,"SET BIRD_INSTRMNT_RL_EIL.TRNSFR_IMPRMNT_STGS =
        CASE
            WHEN BIRD_INSTRMNT_RL_IL.INTL_IMPRMNT_STTS = 23
                THEN
                    CASE
                        WHEN BIRD_INSTRMNT_RL_IL.IMPRMNT_STTS = 24 THEN 3
                        WHEN BIRD_INSTRMNT_RL_IL.IMPRMNT_STTS = 25 THEN 5
                    END

            WHEN BIRD_INSTRMNT_RL_IL.INTL_IMPRMNT_STTS = 24
                THEN
                    CASE
                        WHEN BIRD_INSTRMNT_RL_IL.IMPRMNT_STTS = 23 THEN 1
                        WHEN BIRD_INSTRMNT_RL_IL.IMPRMNT_STTS = 25 THEN 6
                    END

            WHEN BIRD_INSTRMNT_RL_IL.INTL_IMPRMNT_STTS = 25
                THEN
                    CASE
                        WHEN BIRD_INSTRMNT_RL_IL.IMPRMNT_STTS = 23 THEN 2
                        WHEN BIRD_INSTRMNT_RL_IL.IMPRMNT_STTS = 24 THEN 4
                    END
        END;",,IL,EIL,DER,1990-01-01,9999-12-31
DER__BIRD_LNG_SCRTY_PSTN_PRDNTL_PRTFL_ASSGNMNT_ACCNTNG_CLSSFCTN_FNNCL_ASSTS_ASSGNMNT_EIL_1__TRNSFR_IMPRMNT_STGS__01_01_1990,TRNSFR_IMPRMNT_STGS_TR,"SET BIRD_LNG_SCRTY_PSTN_PRDNTL_PRTFL_ASSGNMNT_ACCNTNG_CLSSFCTN_FNNCL_ASSTS_ASSGNMNT_EIL.TRNSFR_IMPRMNT_STGS =
        CASE
            WHEN BIRD_LNG_SCRTY_PSTN_PRDNTL_PRTFL_ASSGNMNT_ACCNTNG_CLSSFCTN_FNNCL_ASSTS_ASSGNMNT_IL.INTL_IMPRMNT_STTS = 23
                THEN
                    CASE
                        WHEN BIRD_LNG_SCRTY_PSTN_PRDNTL_PRTFL_ASSGNMNT_ACCNTNG_CLSSFCTN_FNNCL_ASSTS_ASSGNMNT_IL.IMPRMNT_STTS = 24 THEN 3
                        WHEN BIRD_LNG_SCRTY_PSTN_PRDNTL_PRTFL_ASSGNMNT_ACCNTNG_CLSSFCTN_FNNCL_ASSTS_ASSGNMNT_IL.IMPRMNT_STTS = 25 THEN 5
                    END

            WHEN BIRD_LNG_SCRTY_PSTN_PRDNTL_PRTFL_ASSGNMNT_ACCNTNG_CLSSFCTN_FNNCL_ASSTS_ASSGNMNT_IL.INTL_IMPRMNT_STTS = 24
                THEN
                    CASE
                        WHEN BIRD_LNG_SCRTY_PSTN_PRDNTL_PRTFL_ASSGNMNT_ACCNTNG_CLSSFCTN_FNNCL_ASSTS_ASSGNMNT_IL.IMPRMNT_STTS = 23 THEN 1
                        WHEN BIRD_LNG_SCRTY_PSTN_PRDNTL_PRTFL_ASSGNMNT_ACCNTNG_CLSSFCTN_FNNCL_ASSTS_ASSGNMNT_IL.IMPRMNT_STTS = 25 THEN 6
                    END

            WHEN BIRD_LNG_SCRTY_PSTN_PRDNTL_PRTFL_ASSGNMNT_ACCNTNG_CLSSFCTN_FNNCL_ASSTS_ASSGNMNT_IL.INTL_IMPRMNT_STTS = 25
                THEN
                    CASE
                        WHEN BIRD_LNG_SCRTY_PSTN_PRDNTL_PRTFL_ASSGNMNT_ACCNTNG_CLSSFCTN_FNNCL_ASSTS_ASSGNMNT_IL.IMPRMNT_STTS = 23 THEN 2
                        WHEN BIRD_LNG_SCRTY_PSTN_PRDNTL_PRTFL_ASSGNMNT_ACCNTNG_CLSSFCTN_FNNCL_ASSTS_ASSGNMNT_IL.IMPRMNT_STTS = 24 THEN 4
                    END
        END;",,IL,EIL,DER,1990-01-01,9999-12-31
DER__BIRD_INSTRMNT_RL_EIL_1__ACCMLTD_PRTL_WRTFFS__01_01_1990,ACCMLTD_WRTFFS_TR,"SET BIRD_INSTRMNT_RL_EIL.ACCMLTD_PRTL_WRTFFS = 
      CASE
        WHEN BIRD_INSTRMNT_RL_IL.CRRYNG_AMNT <> 0 THEN BIRD_INSTRMNT_RL_IL.ACCMLTD_WRTFFS
        ELSE N/A
      END;",,IL,EIL,DER,1990-01-01,9999-12-31
DER__BIRD_LNG_SCRTY_PSTN_PRDNTL_PRTFL_ASSGNMNT_ACCNTNG_CLSSFCTN_FNNCL_ASSTS_ASSGNMNT_EIL_1__ACCMLTD_PRTL_WRTFFS__01_01_1990,ACCMLTD_WRTFFS_TR,"SET BIRD_LNG_SCRTY_PSTN_PRDNTL_PRTFL_ASSGNMNT_ACCNTNG_CLSSFCTN_FNNCL_ASSTS_ASSGNMNT_EIL.ACCMLTD_PRTL_WRTFFS = 
      CASE
        WHEN BIRD_LNG_SCRTY_PSTN_PRDNTL_PRTFL_ASSGNMNT_ACCNTNG_CLSSFCTN_FNNCL_ASSTS_ASSGNMNT_IL.CRRYNG_AMNT <> 0 THEN BIRD_LNG_SCRTY_PSTN_PRDNTL_PRTFL_ASSGNMNT_ACCNTNG_CLSSFCTN_FNNCL_ASSTS_ASSGNMNT_IL.ACCMLTD_WRTFFS
        ELSE N/A
      END;",,IL,EIL,DER,1990-01-01,9999-12-31
DER__BIRD_INSTRMNT_RL_EIL_1__ACCMLTD_TTL_WRTFFS__01_01_1990,ACCMLTD_WRTFFS_TR,"SET BIRD_INSTRMNT_RL_EIL.ACCMLTD_TTL_WRTFFS = 
      CASE
        WHEN BIRD_INSTRMNT_RL_EIL.GRSS_CRRYNG_AMNT = 0 AND BIRD_INSTRMNT_RL_IL.CRRYNG_AMNT = 0 THEN BIRD_INSTRMNT_RL_IL.ACCMLTD_WRTFFS
        ELSE N/A
      END;",,IL,EIL,DER,1990-01-01,9999-12-31
DER__BIRD_LNG_SCRTY_PSTN_PRDNTL_PRTFL_ASSGNMNT_ACCNTNG_CLSSFCTN_FNNCL_ASSTS_ASSGNMNT_EIL_1__ACCMLTD_TTL_WRTFFS__01_01_1990,ACCMLTD_WRTFFS_TR,"SET BIRD_LNG_SCRTY_PSTN_PRDNTL_PRTFL_ASSGNMNT_ACCNTNG_CLSSFCTN_FNNCL_ASSTS_ASSGNMNT_EIL.ACCMLTD_TTL_WRTFFS = 
      CASE
        WHEN BIRD_LNG_SCRTY_PSTN_PRDNTL_PRTFL_ASSGNMNT_ACCNTNG_CLSSFCTN_FNNCL_ASSTS_ASSGNMNT_EIL.GRSS_CRRYNG_AMNT = 0 AND BIRD_LNG_SCRTY_PSTN_PRDNTL_PRTFL_ASSGNMNT_ACCNTNG_CLSSFCTN_FNNCL_ASSTS_ASSGNMNT_IL.CRRYNG_AMNT = 0 THEN BIRD_LNG_SCRTY_PSTN_PRDNTL_PRTFL_ASSGNMNT_ACCNTNG_CLSSFCTN_FNNCL_ASSTS_ASSGNMNT_IL.ACCMLTD_WRTFFS
        ELSE N/A
      END;",,IL,EIL,DER,1990-01-01,9999-12-31
DER__BIRD_INSTRMNT_CLLTRL_ASSGNMNT_EIL_1__CLLTRL_VL_UNCPPD__01_01_1990,CLLTRL_VL_UNCPPD_TR,SET BIRD_INSTRMNT_CLLTRL_ASSGNMNT_EIL.CLLTRL_VL_UNCPPD = BIRD_INSTRMNT_CLLTRL_ASSGNMNT_IL.PRTCTN_ALLCTD_VL + BIRD_INSTRMNT_CLLTRL_ASSGNMNT_IL.ALLCTD_UNSD_CLLTRL_VL,,IL,EIL,DER,1990-01-01,9999-12-31
DER__BIRD_LNG_NN_NGTBL_SCRTY_PSTN_CLLTRL_ASSGNMNT_EIL_1__CLLTRL_VL_UNCPPD__01_01_1990,CLLTRL_VL_UNCPPD_TR,SET BIRD_LNG_NN_NGTBL_SCRTY_PSTN_CLLTRL_ASSGNMNT_EIL.CLLTRL_VL_UNCPPD = BIRD_LNG_NN_NGTBL_SCRTY_PSTN_CLLTRL_ASSGNMNT_IL.PRTCTN_ALLCTD_VL + BIRD_LNG_NN_NGTBL_SCRTY_PSTN_CLLTRL_ASSGNMNT_IL.ALLCTD_UNSD_CLLTRL_VL,,IL,EIL,DER,1990-01-01,9999-12-31
DER__BIRD_INSTRMNT_EIL_1__CMMRCL_RL_ESTT_LN_INDCTR__01_01_1990,CMMRCL_RL_ESTT_LN_INDCTR_TR,"SET BIRD_INSTRMNT_EIL.CMMRCL_RL_ESTT_LN_INDCTR = 
      CASE
        WHEN BIRD_CLLTRL_IL.TYP_CLLTRL = 10 OR BIRD_INSTRMNT_RL_IL.PRPS = 13
        THEN 1
        ELSE 2
      END;",,IL,EIL,DER,1990-01-01,9999-12-31
DER__BIRD_INSTRMNT_EIL_1__CRRNT_LTV_RT__01_01_1990,CRRNT_LTV_RT_TR,SET BIRD_INSTRMNT_EIL.CRRNT_LTV_RT = BIRD_INSTRMNT_IL.NMNL_AMNT / BIRD_CLLTRL_IL.MRKT_VL,,IL,EIL,DER,1990-01-01,9999-12-31
DER__BIRD_SCRTY_PSTN_EIL_1__CRRNT_LTV_RT__01_01_1990,CRRNT_LTV_RT_TR,SET BIRD_SCRTY_PSTN_EIL.CRRNT_LTV_RT = BIRD_SCRTY_PSTN_IL.NMNL_AMNT / BIRD_CLLTRL_IL.MRKT_VL,,IL,EIL,DER,1990-01-01,9999-12-31
DER__BIRD_INSTRMNT_RL_EIL_1__DFLT_STTS_DRVD__01_01_1990,DFLT_STTS_DRVD_TR,"SET BIRD_INSTRMNT_RL_EIL.DFLT_STTS_DRVD = 
      CASE
        WHEN BIRD_INSTRMNT_RL_IL.DFLT_STTS IN (18, 19, 20)
        OR BIRD_PRTY_IL.DFLT_STTS IN (18, 19, 20)
        THEN 6
        ELSE 14
      END;",,IL,EIL,DER,1990-01-01,9999-12-31
DER__BIRD_CRDT_FCLTY_EIL_1__DFLT_STTS_DRVD__01_01_1990,DFLT_STTS_DRVD_TR,"SET BIRD_CRDT_FCLTY_EIL.DFLT_STTS_DRVD = 
      CASE
        WHEN BIRD_CRDT_FCLTY_IL.DFLT_STTS IN (18, 19, 20)
        OR BIRD_PRTY_IL.DFLT_STTS IN (18, 19, 20)
        THEN 6
        ELSE 14
      END;",,IL,EIL,DER,1990-01-01,9999-12-31
DER__BIRD_SCRTY_PSTN_EIL_1__DFLT_STTS_DRVD__01_01_1990,DFLT_STTS_DRVD_TR,"SET BIRD_SCRTY_PSTN_EIL.DFLT_STTS_DRVD = 
      CASE
        WHEN BIRD_SCRTY_PSTN_IL.DFLT_STTS IN (18, 19, 20)
        OR BIRD_PRTY_IL.DFLT_STTS IN (18, 19, 20)
        THEN 6
        ELSE 14
      END;",,IL,EIL,DER,1990-01-01,9999-12-31
DER__BIRD_INSTRMNT_RL_EIL_1__GRSS_CRRYNG_AMNT__01_01_1990,GRSS_CRRYNG_AMNT_TR,"SET BIRD_INSTRMNT_RL_EIL.GRSS_CRRYNG_AMNT = 
        CASE
            WHEN BIRD_INSTRMNT_RL_IL.ACCNTNG_CLSSFCTN IN (4, 41, 47, 7)
                THEN
                    CASE
                        WHEN BIRD_PRTY_IL.PRFRMNG_STTS = 11 THEN BIRD_INSTRMNT_RL_IL.FV
                        WHEN BIRD_PRTY_IL.PRFRMNG_STTS = 1 THEN BIRD_INSTRMNT_RL_IL.FV + BIRD_INSTRMNT_RL_IL.ACCMLTD_CHNGS_FV_CR
                    END

            WHEN BIRD_INSTRMNT_RL_IL.ACCNTNG_CLSSFCTN IN (6, 8, 9)
 	            THEN BIRD_INSTRMNT_RL_IL.CRRYNG_AMNT - BIRD_INSTRMNT_RL_IL.ACCMLTD_IMPRMNT

            WHEN BIRD_INSTRMNT_RL_IL.ACCNTNG_CLSSFCTN = 77
                THEN
                    CASE
                        WHEN BIRD_INSTRMNT_RL_IL.IMPRMNT_STTS = 26 THEN BIRD_INSTRMNT_RL_IL.CRRYNG_AMNT - BIRD_INSTRMNT_RL_IL.ACCMLTD_IMPRMNT 
                        WHEN BIRD_INSTRMNT_RL_IL.IMPRMNT_STTS = 211 THEN BIRD_INSTRMNT_RL_IL.CRRYNG_AMNT - BIRD_INSTRMNT_RL_IL.GNRL_ALLWNCS_CRDT_RSK
                        WHEN BIRD_INSTRMNT_RL_IL.IMPRMNT_STTS = 212 THEN BIRD_INSTRMNT_RL_IL.CRRYNG_AMNT - BIRD_INSTRMNT_RL_IL.GNRL_ALLWNCS_BNK_RSK
                    END

            WHEN BIRD_INSTRMNT_RL_IL.ACCNTNG_CLSSFCTN = 9 
                THEN
                    CASE
                        WHEN BIRD_INSTRMNT_RL_IL.SBJCT_IMPRMNT_INDCTR = 1 
                            THEN
                                CASE
                                    WHEN BIRD_INSTRMNT_RL_IL.IMPRMNT_STTS = 26 THEN BIRD_INSTRMNT_RL_IL.CRRYNG_AMNT - BIRD_INSTRMNT_RL_IL.ACCMLTD_IMPRMNT 
                                    WHEN BIRD_INSTRMNT_RL_IL.IMPRMNT_STTS = 211 THEN BIRD_INSTRMNT_RL_IL.CRRYNG_AMNT - BIRD_INSTRMNT_RL_IL.GNRL_ALLWNCS_CRDT_RSK
                                    WHEN BIRD_INSTRMNT_RL_IL.IMPRMNT_STTS = 212 THEN BIRD_INSTRMNT_RL_IL.CRRYNG_AMNT - BIRD_INSTRMNT_RL_IL.GNRL_ALLWNCS_BNK_RSK
                                END

                        WHEN BIRD_INSTRMNT_RL_IL.SBJCT_IMPRMNT_INDCTR = 2
                            THEN
                                CASE
                                    WHEN BIRD_PRTY_IL.PRFRMNG_STTS = 11 THEN BIRD_INSTRMNT_RL_IL.FV
                                    WHEN BIRD_PRTY_IL.PRFRMNG_STTS = 1 THEN BIRD_INSTRMNT_RL_IL.FV + BIRD_INSTRMNT_RL_IL.ACCMLTD_CHNGS_FV_CR
                                END
                    END

            WHEN BIRD_INSTRMNT_RL_IL.ACCNTNG_CLSSFCTN IN (76, 73)
                THEN BIRD_INSTRMNT_RL_IL.CRRYNG_AMNT

            WHEN BIRD_INSTRMNT_RL_IL.ACCNTNG_CLSSFCTN = 74 
                THEN BIRD_INSTRMNT_RL_IL.CRRYNG_AMNT + BIRD_INSTRMNT_RL_IL.ACCMLTD_IMPRMNT

            WHEN BIRD_INSTRMNT_RL_IL.ACCNTNG_CLSSFCTN IN (2, 3)
                THEN BIRD_SCRTY_PSTN_IL.FV
        END;",,IL,EIL,DER,1990-01-01,9999-12-31
DER__BIRD_LNG_SCRTY_PSTN_PRDNTL_PRTFL_ASSGNMNT_ACCNTNG_CLSSFCTN_FNNCL_ASSTS_ASSGNMNT_EIL_1__GRSS_CRRYNG_AMNT__01_01_1990,GRSS_CRRYNG_AMNT_TR,"SET BIRD_LNG_SCRTY_PSTN_PRDNTL_PRTFL_ASSGNMNT_ACCNTNG_CLSSFCTN_FNNCL_ASSTS_ASSGNMNT_EIL.GRSS_CRRYNG_AMNT = 
        CASE
            WHEN BIRD_LNG_SCRTY_PSTN_PRDNTL_PRTFL_ASSGNMNT_ACCNTNG_CLSSFCTN_FNNCL_ASSTS_ASSGNMNT_IL.ACCNTNG_CLSSFCTN IN (4, 41, 47, 7)
                THEN
                    CASE
                        WHEN BIRD_PRTY_IL.PRFRMNG_STTS = 11 THEN BIRD_SCRTY_PSTN_IL.FV
                        WHEN BIRD_PRTY_IL.PRFRMNG_STTS = 1 THEN BIRD_SCRTY_PSTN_IL.FV + BIRD_LNG_SCRTY_PSTN_PRDNTL_PRTFL_ASSGNMNT_ACCNTNG_CLSSFCTN_FNNCL_ASSTS_ASSGNMNT_IL.ACCMLTD_CHNGS_FV_CR
                    END

            WHEN BIRD_LNG_SCRTY_PSTN_PRDNTL_PRTFL_ASSGNMNT_ACCNTNG_CLSSFCTN_FNNCL_ASSTS_ASSGNMNT_IL.ACCNTNG_CLSSFCTN IN (6, 8, 9)
 	            THEN BIRD_LNG_SCRTY_PSTN_PRDNTL_PRTFL_ASSGNMNT_ACCNTNG_CLSSFCTN_FNNCL_ASSTS_ASSGNMNT_IL.CRRYNG_AMNT - BIRD_LNG_SCRTY_PSTN_PRDNTL_PRTFL_ASSGNMNT_ACCNTNG_CLSSFCTN_FNNCL_ASSTS_ASSGNMNT_IL.ACCMLTD_IMPRMNT

            WHEN BIRD_LNG_SCRTY_PSTN_PRDNTL_PRTFL_ASSGNMNT_ACCNTNG_CLSSFCTN_FNNCL_ASSTS_ASSGNMNT_IL.ACCNTNG_CLSSFCTN = 77
                THEN
                    CASE
                        WHEN BIRD_LNG_SCRTY_PSTN_PRDNTL_PRTFL_ASSGNMNT_ACCNTNG_CLSSFCTN_FNNCL_ASSTS_ASSGNMNT_IL.IMPRMNT_STTS = 26 THEN BIRD_LNG_SCRTY_PSTN_PRDNTL_PRTFL_ASSGNMNT_ACCNTNG_CLSSFCTN_FNNCL_ASSTS_ASSGNMNT_IL.CRRYNG_AMNT - BIRD_LNG_SCRTY_PSTN_PRDNTL_PRTFL_ASSGNMNT_ACCNTNG_CLSSFCTN_FNNCL_ASSTS_ASSGNMNT_IL.ACCMLTD_IMPRMNT 
                        WHEN BIRD_LNG_SCRTY_PSTN_PRDNTL_PRTFL_ASSGNMNT_ACCNTNG_CLSSFCTN_FNNCL_ASSTS_ASSGNMNT_IL.IMPRMNT_STTS = 211 THEN BIRD_LNG_SCRTY_PSTN_PRDNTL_PRTFL_ASSGNMNT_ACCNTNG_CLSSFCTN_FNNCL_ASSTS_ASSGNMNT_IL.CRRYNG_AMNT - BIRD_LNG_SCRTY_PSTN_PRDNTL_PRTFL_ASSGNMNT_ACCNTNG_CLSSFCTN_FNNCL_ASSTS_ASSGNMNT_IL.GNRL_ALLWNCS_CRDT_RSK
                        WHEN BIRD_LNG_SCRTY_PSTN_PRDNTL_PRTFL_ASSGNMNT_ACCNTNG_CLSSFCTN_FNNCL_ASSTS_ASSGNMNT_IL.IMPRMNT_STTS = 212 THEN BIRD_LNG_SCRTY_PSTN_PRDNTL_PRTFL_ASSGNMNT_ACCNTNG_CLSSFCTN_FNNCL_ASSTS_ASSGNMNT_IL.CRRYNG_AMNT - BIRD_LNG_SCRTY_PSTN_PRDNTL_PRTFL_ASSGNMNT_ACCNTNG_CLSSFCTN_FNNCL_ASSTS_ASSGNMNT_IL.GNRL_ALLWNCS_BNK_RSK
                    END

            WHEN BIRD_LNG_SCRTY_PSTN_PRDNTL_PRTFL_ASSGNMNT_ACCNTNG_CLSSFCTN_FNNCL_ASSTS_ASSGNMNT_IL.ACCNTNG_CLSSFCTN = 9 
                THEN
                    CASE
                        WHEN BIRD_LNG_SCRTY_PSTN_PRDNTL_PRTFL_ASSGNMNT_ACCNTNG_CLSSFCTN_FNNCL_ASSTS_ASSGNMNT_IL.SBJCT_IMPRMNT_INDCTR = 1 
                            THEN
                                CASE
                                    WHEN BIRD_LNG_SCRTY_PSTN_PRDNTL_PRTFL_ASSGNMNT_ACCNTNG_CLSSFCTN_FNNCL_ASSTS_ASSGNMNT_IL.IMPRMNT_STTS = 26 THEN BIRD_LNG_SCRTY_PSTN_PRDNTL_PRTFL_ASSGNMNT_ACCNTNG_CLSSFCTN_FNNCL_ASSTS_ASSGNMNT_IL.CRRYNG_AMNT - BIRD_LNG_SCRTY_PSTN_PRDNTL_PRTFL_ASSGNMNT_ACCNTNG_CLSSFCTN_FNNCL_ASSTS_ASSGNMNT_IL.ACCMLTD_IMPRMNT 
                                    WHEN BIRD_LNG_SCRTY_PSTN_PRDNTL_PRTFL_ASSGNMNT_ACCNTNG_CLSSFCTN_FNNCL_ASSTS_ASSGNMNT_IL.IMPRMNT_STTS = 211 THEN BIRD_LNG_SCRTY_PSTN_PRDNTL_PRTFL_ASSGNMNT_ACCNTNG_CLSSFCTN_FNNCL_ASSTS_ASSGNMNT_IL.CRRYNG_AMNT - BIRD_LNG_SCRTY_PSTN_PRDNTL_PRTFL_ASSGNMNT_ACCNTNG_CLSSFCTN_FNNCL_ASSTS_ASSGNMNT_IL.GNRL_ALLWNCS_CRDT_RSK
                                    WHEN BIRD_LNG_SCRTY_PSTN_PRDNTL_PRTFL_ASSGNMNT_ACCNTNG_CLSSFCTN_FNNCL_ASSTS_ASSGNMNT_IL.IMPRMNT_STTS = 212 THEN BIRD_LNG_SCRTY_PSTN_PRDNTL_PRTFL_ASSGNMNT_ACCNTNG_CLSSFCTN_FNNCL_ASSTS_ASSGNMNT_IL.CRRYNG_AMNT - BIRD_LNG_SCRTY_PSTN_PRDNTL_PRTFL_ASSGNMNT_ACCNTNG_CLSSFCTN_FNNCL_ASSTS_ASSGNMNT_IL.GNRL_ALLWNCS_BNK_RSK
                                END

                        WHEN BIRD_LNG_SCRTY_PSTN_PRDNTL_PRTFL_ASSGNMNT_ACCNTNG_CLSSFCTN_FNNCL_ASSTS_ASSGNMNT_IL.SBJCT_IMPRMNT_INDCTR = 2
                            THEN
                                CASE
                                    WHEN BIRD_PRTY_IL.PRFRMNG_STTS = 11 THEN BIRD_SCRTY_PSTN_IL.FV
                                    WHEN BIRD_PRTY_IL.PRFRMNG_STTS = 1 THEN BIRD_SCRTY_PSTN_IL.FV + BIRD_LNG_SCRTY_PSTN_PRDNTL_PRTFL_ASSGNMNT_ACCNTNG_CLSSFCTN_FNNCL_ASSTS_ASSGNMNT_IL.ACCMLTD_CHNGS_FV_CR
                                END
                    END

            WHEN BIRD_LNG_SCRTY_PSTN_PRDNTL_PRTFL_ASSGNMNT_ACCNTNG_CLSSFCTN_FNNCL_ASSTS_ASSGNMNT_IL.ACCNTNG_CLSSFCTN IN (76, 73)
                THEN BIRD_LNG_SCRTY_PSTN_PRDNTL_PRTFL_ASSGNMNT_ACCNTNG_CLSSFCTN_FNNCL_ASSTS_ASSGNMNT_IL.CRRYNG_AMNT

            WHEN BIRD_LNG_SCRTY_PSTN_PRDNTL_PRTFL_ASSGNMNT_ACCNTNG_CLSSFCTN_FNNCL_ASSTS_ASSGNMNT_IL.ACCNTNG_CLSSFCTN = 74 
                THEN BIRD_LNG_SCRTY_PSTN_PRDNTL_PRTFL_ASSGNMNT_ACCNTNG_CLSSFCTN_FNNCL_ASSTS_ASSGNMNT_IL.CRRYNG_AMNT + BIRD_LNG_SCRTY_PSTN_PRDNTL_PRTFL_ASSGNMNT_ACCNTNG_CLSSFCTN_FNNCL_ASSTS_ASSGNMNT_IL.ACCMLTD_IMPRMNT

            WHEN BIRD_LNG_SCRTY_PSTN_PRDNTL_PRTFL_ASSGNMNT_ACCNTNG_CLSSFCTN_FNNCL_ASSTS_ASSGNMNT_IL.ACCNTNG_CLSSFCTN IN (2, 3)
                THEN BIRD_SCRTY_PSTN_IL.FV
        END;",,IL,EIL,DER,1990-01-01,9999-12-31
DER__BIRD_INSTRMNT_RL_EIL_1__PRFRMNG_STTS__01_01_1990,PRFRMNG_STTS_TR,"SET BIRD_INSTRMNT_RL_EIL.PRFRMNG_STTS = 
      CASE
        WHEN BIRD_PRTY_IL.PRFRMNG_STTS = 1 
        OR BIRD_INSTRMNT_RL_IL.FNNCL_ASST_INSTRMNT_TYP_CRR_123 = 28
        THEN 1
        ELSE 11
      END;",,IL,EIL,DER,1990-01-01,9999-12-31
DER__BIRD_SHRT_SCRTY_PSTN_PRDNTL_PRTFL_ASSGNMNT_EIL_1__SHRT_PSTN_ACCNTNG_CLSSFCTN__01_01_1990,SHRT_PSTN_ACCNTNG_CLSSFCTN_TR,"SET BIRD_SHRT_SCRTY_PSTN_PRDNTL_PRTFL_ASSGNMNT_EIL.SHRT_PSTN_ACCNTNG_CLSSFCTN = 
      CASE
        WHEN SHRT_TRDNG_BK_SCRTY_PSTN_ACCNTNG_STNDRD = 4
        THEN 3
        WHEN SHRT_TRDNG_BK_SCRTY_PSTN_ACCNTNG_STNDRD = 3
        THEN 2
        ELSE 'N/A'
      END;",,IL,EIL,DER,1990-01-01,9999-12-31
DER__BIRD_INSTRMNT_RL_EIL_1__TM_PST_DU_BND__01_01_1990,TM_PST_DU_BND_TR,"SET TM_PST_DU = BIRD_INSTRMNT_RL_IL.DT_PST_D - BIRD_INSTRMNT_RL_IL.DT_RFRNC,
        BIRD_INSTRMNT_RL_EIL.TM_PST_DU_BND =
            CASE
                WHEN TM_PST_DU/365 > 0 AND TM_PST_DU/365 <= 1/12 THEN 73
                WHEN TM_PST_DU/365 > 1/12 AND TM_PST_DU/365 <= 3/12 THEN 9
                WHEN TM_PST_DU/365 > 3/12 AND TM_PST_DU/365 <= 6/12 THEN 12
                WHEN TM_PST_DU/365 > 6/12 AND TM_PST_DU/365 <= 1 THEN 16
                WHEN TM_PST_DU/365 > 1 AND TM_PST_DU/365 <= 2 THEN 21
                WHEN TM_PST_DU/365 > 2 AND TM_PST_DU/365 <= 5 THEN 29
                WHEN TM_PST_DU/365 > 5 AND TM_PST_DU/365 <= 7 THEN 84
                WHEN TM_PST_DU/365 > 7 THEN 85
            END;",,IL,EIL,DER,1990-01-01,9999-12-31
DER__BIRD_CRDT_FCLTY_EIL_1__TM_PST_DU_BND__01_01_1990,TM_PST_DU_BND_TR,"SET TM_PST_DU = BIRD_CRDT_FCLTY_IL.DT_PST_D - BIRD_CRDT_FCLTY_IL.DT_RFRNC,
       BIRD_CRDT_FCLTY_EIL.TM_PST_DU_BND =
            CASE
                WHEN TM_PST_DU/365 > 0 AND TM_PST_DU/365 <= 1/12 THEN 73
                WHEN TM_PST_DU/365 > 1/12 AND TM_PST_DU/365 <= 3/12 THEN 9
                WHEN TM_PST_DU/365 > 3/12 AND TM_PST_DU/365 <= 6/12 THEN 12
                WHEN TM_PST_DU/365 > 6/12 AND TM_PST_DU/365 <= 1 THEN 16
                WHEN TM_PST_DU/365 > 1 AND TM_PST_DU/365 <= 2 THEN 21
                WHEN TM_PST_DU/365 > 2 AND TM_PST_DU/365 <= 5 THEN 29
                WHEN TM_PST_DU/365 > 5 AND TM_PST_DU/365 <= 7 THEN 84
                WHEN TM_PST_DU/365 > 7 THEN 85
            END;",,IL,EIL,DER,1990-01-01,9999-12-31
DER__BIRD_SCRTY_EXCHNG_TRDBL_DRVTV_EIL_1__TM_PST_DU_BND__01_01_1990,TM_PST_DU_BND_TR,"SET TM_PST_DU = BIRD_SCRTY_EXCHNG_TRDBL_DRVTV_IL.DT_PST_D - BIRD_CLLTRL_IL.DT_RFRNC,
        BIRD_SCRTY_EXCHNG_TRDBL_DRVTV_EIL.TM_PST_DU_BND =
            CASE
                WHEN TM_PST_DU/365 > 0 AND TM_PST_DU/365 <= 1/12 THEN 73
                WHEN TM_PST_DU/365 > 1/12 AND TM_PST_DU/365 <= 3/12 THEN 9
                WHEN TM_PST_DU/365 > 3/12 AND TM_PST_DU/365 <= 6/12 THEN 12
                WHEN TM_PST_DU/365 > 6/12 AND TM_PST_DU/365 <= 1 THEN 16
                WHEN TM_PST_DU/365 > 1 AND TM_PST_DU/365 <= 2 THEN 21
                WHEN TM_PST_DU/365 > 2 AND TM_PST_DU/365 <= 5 THEN 29
                WHEN TM_PST_DU/365 > 5 AND TM_PST_DU/365 <= 7 THEN 84
                WHEN TM_PST_DU/365 > 7 THEN 85
            END;",,IL,EIL,DER,1990-01-01,9999-12-31
DER__BIRD_INSTRMNT_RL_EIL_1__TM_SNC_INTL_RCGNTN__01_01_1990,TM_SNC_INTL_RCGNTN_TR,"SET TM_SNC_RCGNTN = BIRD_INSTRMNT_RL_IL.DT_RFRNC - BIRD_INSTRMNT_RL_IL.TKN_PSSSSN_DT,
        BIRD_INSTRMNT_RL_EIL.TM_SNC_INTL_RCGNTN = 
            CASE
                WHEN TM_SNC_RCGNTN/365 > 0 AND TM_SNC_RCGNTN/365 <= 1 THEN 20
                WHEN TM_SNC_RCGNTN/365 > 1 AND TM_SNC_RCGNTN/365 <= 2 THEN 27
                WHEN TM_SNC_RCGNTN/365 > 2 AND TM_SNC_RCGNTN/365 <= 5 THEN 29
                WHEN TM_SNC_RCGNTN/365 > 5 THEN 37
            END;",,IL,EIL,DER,1990-01-01,9999-12-31
WUDEN__BIRD_LNG_SCRTY_PSTN_PRTCTN_ARRNGMNT_GVN_ASSGNMNT_IL_1__01_01_1990,WUDEN__BIRD_LNG_SCRTY_PSTN_PRTCTN_ARRNGMNT_GVN_ASSGNMNT_IL_1__01_01_1990,,,LDM,IL,WUDEN,1990-01-01,9999-12-31
WUDEN__BIRD_INSTRMNT_RL_IL_1__01_01_1990,WUDEN__BIRD_INSTRMNT_RL_IL_1__01_01_1990,,,LDM,IL,WUDEN,1990-01-01,9999-12-31
WUDEN__BIRD_EQT_INSTRMNT_NT_SCRT_HDG_IL_1__01_01_1990,WUDEN__BIRD_EQT_INSTRMNT_NT_SCRT_HDG_IL_1__01_01_1990,,,LDM,IL,WUDEN,1990-01-01,9999-12-31
WUDEN__BIRD_LNG_EQTY_FND_SCRYT_PSTN_ENCMBRNC_DT_IL_1__01_01_1990,WUDEN__BIRD_LNG_EQTY_FND_SCRYT_PSTN_ENCMBRNC_DT_IL_1__01_01_1990,,,LDM,IL,WUDEN,1990-01-01,9999-12-31
WUDEN__BIRD_DBT_SCRTY_ISSD_HDG_IL_1__01_01_1990,WUDEN__BIRD_DBT_SCRTY_ISSD_HDG_IL_1__01_01_1990,,,LDM,IL,WUDEN,1990-01-01,9999-12-31
WUDEN__BIRD_DBT_SCRTY_ISSD_PRTCN_ARRNGMNT_GVN_ASSGNMNT_IL_1__01_01_1990,WUDEN__BIRD_DBT_SCRTY_ISSD_PRTCN_ARRNGMNT_GVN_ASSGNMNT_IL_1__01_01_1990,,,LDM,IL,WUDEN,1990-01-01,9999-12-31
WUDEN__BIRD_RTNG_GRD_CNTRL_BNK_PRVT_SCTR_CMPN_ASSGNMNT_IL_1__01_01_1990,WUDEN__BIRD_RTNG_GRD_CNTRL_BNK_PRVT_SCTR_CMPN_ASSGNMNT_IL_1__01_01_1990,,,LDM,IL,WUDEN,1990-01-01,9999-12-31
WUDEN__BIRD_PRTCTN_ARRNGMNT_RL_IL_1__01_01_1990,WUDEN__BIRD_PRTCTN_ARRNGMNT_RL_IL_1__01_01_1990,,,LDM,IL,WUDEN,1990-01-01,9999-12-31
WUDEN__BIRD_LNG_SCRTY_PSTN_HDG_IL_1__01_01_1990,WUDEN__BIRD_LNG_SCRTY_PSTN_HDG_IL_1__01_01_1990,,,LDM,IL,WUDEN,1990-01-01,9999-12-31
WUDEN__BIRD_ASST_PL_CLLTRL_RCVD_ASSGNMNT_IL_1__01_01_1990,WUDEN__BIRD_ASST_PL_CLLTRL_RCVD_ASSGNMNT_IL_1__01_01_1990,,,LDM,IL,WUDEN,1990-01-01,9999-12-31
WUDEN__BIRD_EXCHNG_TRDBL_DRVTV_PSTN_PRTCN_ARRNGMNT_ASSGNMNT_IL_1__01_01_1990,WUDEN__BIRD_EXCHNG_TRDBL_DRVTV_PSTN_PRTCN_ARRNGMNT_ASSGNMNT_IL_1__01_01_1990,,,LDM,IL,WUDEN,1990-01-01,9999-12-31
WUDEN__BIRD_INSTRMNT_PRTCTN_ARRNGMNT_ASSGNMNT_IL_1__01_01_1990,WUDEN__BIRD_INSTRMNT_PRTCTN_ARRNGMNT_ASSGNMNT_IL_1__01_01_1990,,,LDM,IL,WUDEN,1990-01-01,9999-12-31
WUDEN__BIRD_ASST_PL_EXCHNG_TRDBL_DRVTV_PSTN_ASSGNMNT_IL_1__01_01_1990,WUDEN__BIRD_ASST_PL_EXCHNG_TRDBL_DRVTV_PSTN_ASSGNMNT_IL_1__01_01_1990,,,LDM,IL,WUDEN,1990-01-01,9999-12-31
WUDEN__BIRD_EXCHNG_TRDBL_DRVTV_PSTN_RL_IL_1__01_01_1990,WUDEN__BIRD_EXCHNG_TRDBL_DRVTV_PSTN_RL_IL_1__01_01_1990,,,LDM,IL,WUDEN,1990-01-01,9999-12-31
WUDEN__BIRD_SGNFCNT_CRRNCY_DPRCTN_CNTNGNT_ENCMBRNC_IL_1__01_01_1990,WUDEN__BIRD_SGNFCNT_CRRNCY_DPRCTN_CNTNGNT_ENCMBRNC_IL_1__01_01_1990,,,LDM,IL,WUDEN,1990-01-01,9999-12-31
WUDEN__BIRD_OTC_DRVTV_HDG_IL_1__01_01_1990,WUDEN__BIRD_OTC_DRVTV_HDG_IL_1__01_01_1990,,,LDM,IL,WUDEN,1990-01-01,9999-12-31
WUDEN__BIRD_INSTRMNT_CLLTRL_ASSGNMNT_IL_1__01_01_1990,WUDEN__BIRD_INSTRMNT_CLLTRL_ASSGNMNT_IL_1__01_01_1990,,,LDM,IL,WUDEN,1990-01-01,9999-12-31
WUDEN__BIRD_LN_EXCLDNG_RPRCHS_AGRMNT_AND_ADVNC_HDG_IL_1__01_01_1990,WUDEN__BIRD_LN_EXCLDNG_RPRCHS_AGRMNT_AND_ADVNC_HDG_IL_1__01_01_1990,,,LDM,IL,WUDEN,1990-01-01,9999-12-31
WUDEN__BIRD_CLLTRL_GVN_INSTRMNT_DBT_SCRTY_ISSD_ASSGNMNT_IL_1__01_01_1990,WUDEN__BIRD_CLLTRL_GVN_INSTRMNT_DBT_SCRTY_ISSD_ASSGNMNT_IL_1__01_01_1990,,,LDM,IL,WUDEN,1990-01-01,9999-12-31
WUDEN__BIRD_INSTRMNT_ENTTY_RL_ASSGNMNT_EIL_1__01_01_1990,WUDEN__BIRD_INSTRMNT_ENTTY_RL_ASSGNMNT_EIL_1__01_01_1990,,,ELDM,EIL,WUDEN,1990-01-01,9999-12-31
WUDEN__BIRD_LNG_SCRTY_PSTN_PRTCTN_ARRNGMNT_GVN_ASSGNMNT_EIL_1__01_01_1990,WUDEN__BIRD_LNG_SCRTY_PSTN_PRTCTN_ARRNGMNT_GVN_ASSGNMNT_EIL_1__01_01_1990,,,ELDM,EIL,WUDEN,1990-01-01,9999-12-31
WUDEN__BIRD_NN_FNNCL_ASST_EIL_1__01_01_1990,WUDEN__BIRD_NN_FNNCL_ASST_EIL_1__01_01_1990,,,ELDM,EIL,WUDEN,1990-01-01,9999-12-31
WUDEN__BIRD_INTRST_RT_RSK_HDG_PRTFL_EIL_1__01_01_1990,WUDEN__BIRD_INTRST_RT_RSK_HDG_PRTFL_EIL_1__01_01_1990,,,ELDM,EIL,WUDEN,1990-01-01,9999-12-31
WUDEN__BIRD_INSTRMNT_RL_EIL_1__01_01_1990,WUDEN__BIRD_INSTRMNT_RL_EIL_1__01_01_1990,,,ELDM,EIL,WUDEN,1990-01-01,9999-12-31
WUDEN__BIRD_TRDTNL_SCRTSTN_EIL_1__01_01_1990,WUDEN__BIRD_TRDTNL_SCRTSTN_EIL_1__01_01_1990,,,ELDM,EIL,WUDEN,1990-01-01,9999-12-31
WUDEN__BIRD_EQT_INSTRMNT_NT_SCRT_HDG_EIL_1__01_01_1990,WUDEN__BIRD_EQT_INSTRMNT_NT_SCRT_HDG_EIL_1__01_01_1990,,,ELDM,EIL,WUDEN,1990-01-01,9999-12-31
WUDEN__BIRD_LNG_EQTY_FND_SCRYT_PSTN_ENCMBRNC_DT_EIL_1__01_01_1990,WUDEN__BIRD_LNG_EQTY_FND_SCRYT_PSTN_ENCMBRNC_DT_EIL_1__01_01_1990,,,ELDM,EIL,WUDEN,1990-01-01,9999-12-31
WUDEN__BIRD_NTRL_PRSN_KY_MNGMNT_PRSNLL_ASSGNMNT_EIL_1__01_01_1990,WUDEN__BIRD_NTRL_PRSN_KY_MNGMNT_PRSNLL_ASSGNMNT_EIL_1__01_01_1990,,,ELDM,EIL,WUDEN,1990-01-01,9999-12-31
WUDEN__BIRD_CLLTRL_NN_FNNCL_ASST_ASSGNMNT_EIL_1__01_01_1990,WUDEN__BIRD_CLLTRL_NN_FNNCL_ASST_ASSGNMNT_EIL_1__01_01_1990,,,ELDM,EIL,WUDEN,1990-01-01,9999-12-31
WUDEN__BIRD_SCRTY_PSTN_EIL_1__01_01_1990,WUDEN__BIRD_SCRTY_PSTN_EIL_1__01_01_1990,,,ELDM,EIL,WUDEN,1990-01-01,9999-12-31
WUDEN__BIRD_INSTRMNT_EIL_1__01_01_1990,WUDEN__BIRD_INSTRMNT_EIL_1__01_01_1990,,,ELDM,EIL,WUDEN,1990-01-01,9999-12-31
WUDEN__BIRD_SCRTY_EXCHNG_TRDBL_DRVTV_EIL_1__01_01_1990,WUDEN__BIRD_SCRTY_EXCHNG_TRDBL_DRVTV_EIL_1__01_01_1990,,,ELDM,EIL,WUDEN,1990-01-01,9999-12-31
WUDEN__BIRD_PRTY_EIL_1__01_01_1990,WUDEN__BIRD_PRTY_EIL_1__01_01_1990,,,ELDM,EIL,WUDEN,1990-01-01,9999-12-31
WUDEN__BIRD_DBT_SCRTY_ISSD_HDG_EIL_1__01_01_1990,WUDEN__BIRD_DBT_SCRTY_ISSD_HDG_EIL_1__01_01_1990,,,ELDM,EIL,WUDEN,1990-01-01,9999-12-31
WUDEN__BIRD_DBT_SCRTY_ISSD_PRTCN_ARRNGMNT_GVN_ASSGNMNT_EIL_1__01_01_1990,WUDEN__BIRD_DBT_SCRTY_ISSD_PRTCN_ARRNGMNT_GVN_ASSGNMNT_EIL_1__01_01_1990,,,ELDM,EIL,WUDEN,1990-01-01,9999-12-31
WUDEN__BIRD_ENTTY_RL_EIL_1__01_01_1990,WUDEN__BIRD_ENTTY_RL_EIL_1__01_01_1990,,,ELDM,EIL,WUDEN,1990-01-01,9999-12-31
WUDEN__BIRD_CRDT_FCLTY_ENTTY_RL_ASSGNMNT_EIL_1__01_01_1990,WUDEN__BIRD_CRDT_FCLTY_ENTTY_RL_ASSGNMNT_EIL_1__01_01_1990,,,ELDM,EIL,WUDEN,1990-01-01,9999-12-31
WUDEN__BIRD_INSTRMNT_CLLTRL_RCVD_INSTRMNT_ASSGNMNT_EIL_1__01_01_1990,WUDEN__BIRD_INSTRMNT_CLLTRL_RCVD_INSTRMNT_ASSGNMNT_EIL_1__01_01_1990,,,ELDM,EIL,WUDEN,1990-01-01,9999-12-31
WUDEN__BIRD_LNG_SCRTY_PSTN_PRDNTL_PRTFL_ASSGNMNT_EIL_1__01_01_1990,WUDEN__BIRD_LNG_SCRTY_PSTN_PRDNTL_PRTFL_ASSGNMNT_EIL_1__01_01_1990,,,ELDM,EIL,WUDEN,1990-01-01,9999-12-31
WUDEN__BIRD_RSK_FAC_SA_EIL_1__01_01_1990,WUDEN__BIRD_RSK_FAC_SA_EIL_1__01_01_1990,,,ELDM,EIL,WUDEN,1990-01-01,9999-12-31
WUDEN__BIRD_INSTRMNT_HDGD_OTC_DRVTV_EIL_1__01_01_1990,WUDEN__BIRD_INSTRMNT_HDGD_OTC_DRVTV_EIL_1__01_01_1990,,,ELDM,EIL,WUDEN,1990-01-01,9999-12-31
WUDEN__BIRD_PRTNR_ENTRPRS_ASSGNMNT_EIL_1__01_01_1990,WUDEN__BIRD_PRTNR_ENTRPRS_ASSGNMNT_EIL_1__01_01_1990,,,ELDM,EIL,WUDEN,1990-01-01,9999-12-31
WUDEN__BIRD_RTNG_GRD_CNTRL_BNK_PRVT_SCTR_CMPN_ASSGNMNT_EIL_1__01_01_1990,WUDEN__BIRD_RTNG_GRD_CNTRL_BNK_PRVT_SCTR_CMPN_ASSGNMNT_EIL_1__01_01_1990,,,ELDM,EIL,WUDEN,1990-01-01,9999-12-31
WUDEN__BIRD_PRTY_PRVS_PRD_DT_EIL_1__01_01_1990,WUDEN__BIRD_PRTY_PRVS_PRD_DT_EIL_1__01_01_1990,,,ELDM,EIL,WUDEN,1990-01-01,9999-12-31
WUDEN__BIRD_LNG_NN_NGTBL_SCRTY_PSTN_CLLTRL_ASSGNMNT_EIL_1__01_01_1990,WUDEN__BIRD_LNG_NN_NGTBL_SCRTY_PSTN_CLLTRL_ASSGNMNT_EIL_1__01_01_1990,,,ELDM,EIL,WUDEN,1990-01-01,9999-12-31
WUDEN__BIRD_PRTCTN_ARRNGMNT_EIL_1__01_01_1990,WUDEN__BIRD_PRTCTN_ARRNGMNT_EIL_1__01_01_1990,,,ELDM,EIL,WUDEN,1990-01-01,9999-12-31
WUDEN__BIRD_RTNG_SYSTM_EIL_1__01_01_1990,WUDEN__BIRD_RTNG_SYSTM_EIL_1__01_01_1990,,,ELDM,EIL,WUDEN,1990-01-01,9999-12-31
WUDEN__BIRD_MSTR_AGRMNT_EIL_1__01_01_1990,WUDEN__BIRD_MSTR_AGRMNT_EIL_1__01_01_1990,,,ELDM,EIL,WUDEN,1990-01-01,9999-12-31
WUDEN__BIRD_CSH_HND_EIL_1__01_01_1990,WUDEN__BIRD_CSH_HND_EIL_1__01_01_1990,,,ELDM,EIL,WUDEN,1990-01-01,9999-12-31
WUDEN__BIRD_PRTCTN_ARRNGMNT_RL_EIL_1__01_01_1990,WUDEN__BIRD_PRTCTN_ARRNGMNT_RL_EIL_1__01_01_1990,,,ELDM,EIL,WUDEN,1990-01-01,9999-12-31
WUDEN__BIRD_LNKD_ENTRPRS_ASSGNMNT_EIL_1__01_01_1990,WUDEN__BIRD_LNKD_ENTRPRS_ASSGNMNT_EIL_1__01_01_1990,,,ELDM,EIL,WUDEN,1990-01-01,9999-12-31
WUDEN__BIRD_ASST_PL_EIL_1__01_01_1990,WUDEN__BIRD_ASST_PL_EIL_1__01_01_1990,,,ELDM,EIL,WUDEN,1990-01-01,9999-12-31
WUDEN__BIRD_CLLTRL_EIL_1__01_01_1990,WUDEN__BIRD_CLLTRL_EIL_1__01_01_1990,,,ELDM,EIL,WUDEN,1990-01-01,9999-12-31
WUDEN__BIRD_RPRCHS_AGRMNT_CMPNNT_EIL_1__01_01_1990,WUDEN__BIRD_RPRCHS_AGRMNT_CMPNNT_EIL_1__01_01_1990,,,ELDM,EIL,WUDEN,1990-01-01,9999-12-31
WUDEN__BIRD_CRDT_FCLTY_EIL_1__01_01_1990,WUDEN__BIRD_CRDT_FCLTY_EIL_1__01_01_1990,,,ELDM,EIL,WUDEN,1990-01-01,9999-12-31
WUDEN__BIRD_DBT_SCRTY_ISSD_EIL_1__01_01_1990,WUDEN__BIRD_DBT_SCRTY_ISSD_EIL_1__01_01_1990,,,ELDM,EIL,WUDEN,1990-01-01,9999-12-31
WUDEN__BIRD_ASST_PL_EXCHNG_TRDBL_DRVTV_PSTN_ASSGNMNT_EIL_1__01_01_1990,WUDEN__BIRD_ASST_PL_EXCHNG_TRDBL_DRVTV_PSTN_ASSGNMNT_EIL_1__01_01_1990,,,ELDM,EIL,WUDEN,1990-01-01,9999-12-31
WUDEN__BIRD_INSTRMNT_HDGD_EXCHNG_TRDBL_DRVTV_EIL_1__01_01_1990,WUDEN__BIRD_INSTRMNT_HDGD_EXCHNG_TRDBL_DRVTV_EIL_1__01_01_1990,,,ELDM,EIL,WUDEN,1990-01-01,9999-12-31
WUDEN__BIRD_GRP_EIL_1__01_01_1990,WUDEN__BIRD_GRP_EIL_1__01_01_1990,,,ELDM,EIL,WUDEN,1990-01-01,9999-12-31
WUDEN__BIRD_TRNCH_SYNTHTC_SCRTSTN_WTHT_SSPE_DPST_EIL_1__01_01_1990,WUDEN__BIRD_TRNCH_SYNTHTC_SCRTSTN_WTHT_SSPE_DPST_EIL_1__01_01_1990,,,ELDM,EIL,WUDEN,1990-01-01,9999-12-31
WUDEN__BIRD_TRNCH_SYNTHTC_SCRTSTN_WTHT_SSPE_FNNCL_GRNT_EIL_1__01_01_1990,WUDEN__BIRD_TRNCH_SYNTHTC_SCRTSTN_WTHT_SSPE_FNNCL_GRNT_EIL_1__01_01_1990,,,ELDM,EIL,WUDEN,1990-01-01,9999-12-31
WUDEN__BIRD_LNG_SCRTY_PSTN_HDG_EIL_1__01_01_1990,WUDEN__BIRD_LNG_SCRTY_PSTN_HDG_EIL_1__01_01_1990,,,ELDM,EIL,WUDEN,1990-01-01,9999-12-31
WUDEN__BIRD_ASST_PL_CLLTRL_RCVD_ASSGNMNT_EIL_1__01_01_1990,WUDEN__BIRD_ASST_PL_CLLTRL_RCVD_ASSGNMNT_EIL_1__01_01_1990,,,ELDM,EIL,WUDEN,1990-01-01,9999-12-31
WUDEN__BIRD_FNDMNTL_RVW_TRDNG_BK_STNDRD_APPRCH_RSK_MSR_FR_SCRTY_PSTNS_EIL_1__01_01_1990,WUDEN__BIRD_FNDMNTL_RVW_TRDNG_BK_STNDRD_APPRCH_RSK_MSR_FR_SCRTY_PSTNS_EIL_1__01_01_1990,,,ELDM,EIL,WUDEN,1990-01-01,9999-12-31
WUDEN__BIRD_SCTRY_BRRWNG_LNDNG_TRNSCTN_INCLDNG_CSH_CLLTRL_EIL_1__01_01_1990,WUDEN__BIRD_SCTRY_BRRWNG_LNDNG_TRNSCTN_INCLDNG_CSH_CLLTRL_EIL_1__01_01_1990,,,ELDM,EIL,WUDEN,1990-01-01,9999-12-31
WUDEN__BIRD_EXCHNG_TRDBL_DRVTV_PSTN_PRTCN_ARRNGMNT_ASSGNMNT_EIL_1__01_01_1990,WUDEN__BIRD_EXCHNG_TRDBL_DRVTV_PSTN_PRTCN_ARRNGMNT_ASSGNMNT_EIL_1__01_01_1990,,,ELDM,EIL,WUDEN,1990-01-01,9999-12-31
WUDEN__BIRD_INSTRMNT_PRTCTN_ARRNGMNT_ASSGNMNT_EIL_1__01_01_1990,WUDEN__BIRD_INSTRMNT_PRTCTN_ARRNGMNT_ASSGNMNT_EIL_1__01_01_1990,,,ELDM,EIL,WUDEN,1990-01-01,9999-12-31
WUDEN__BIRD_KB_PR_BCKT_EIL_1__01_01_1990,WUDEN__BIRD_KB_PR_BCKT_EIL_1__01_01_1990,,,ELDM,EIL,WUDEN,1990-01-01,9999-12-31
WUDEN__BIRD_MSTR_AGRMNT_ENTTY_RL_ASSGNMNT_EIL_1__01_01_1990,WUDEN__BIRD_MSTR_AGRMNT_ENTTY_RL_ASSGNMNT_EIL_1__01_01_1990,,,ELDM,EIL,WUDEN,1990-01-01,9999-12-31
WUDEN__BIRD_LNG_SCRTY_PSTN_PRDNTL_PRTFL_ASSGNMNT_ACCNTNG_CLSSFCTN_FNNCL_ASSTS_ASSGNMNT_EIL_1__01_01_1990,WUDEN__BIRD_LNG_SCRTY_PSTN_PRDNTL_PRTFL_ASSGNMNT_ACCNTNG_CLSSFCTN_FNNCL_ASSTS_ASSGNMNT_EIL_1__01_01_1990,,,ELDM,EIL,WUDEN,1990-01-01,9999-12-31
WUDEN__BIRD_TRNCH_TRDTNL_SCRTSTN_EIL_1__01_01_1990,WUDEN__BIRD_TRNCH_TRDTNL_SCRTSTN_EIL_1__01_01_1990,,,ELDM,EIL,WUDEN,1990-01-01,9999-12-31
WUDEN__BIRD_OTC_DRVTV_INSTRMNT_SNTHTC_SCRTSTN_ASSGNMNT_EIL_1__01_01_1990,WUDEN__BIRD_OTC_DRVTV_INSTRMNT_SNTHTC_SCRTSTN_ASSGNMNT_EIL_1__01_01_1990,,,ELDM,EIL,WUDEN,1990-01-01,9999-12-31
WUDEN__BIRD_EXCHNG_TRDBL_DRVTV_PSTN_EIL_1__01_01_1990,WUDEN__BIRD_EXCHNG_TRDBL_DRVTV_PSTN_EIL_1__01_01_1990,,,ELDM,EIL,WUDEN,1990-01-01,9999-12-31
WUDEN__BIRD_INTRNL_GRP_RL_EIL_1__01_01_1990,WUDEN__BIRD_INTRNL_GRP_RL_EIL_1__01_01_1990,,,ELDM,EIL,WUDEN,1990-01-01,9999-12-31
WUDEN__BIRD_EXCHNG_TRDBL_DRVTV_PSTN_RL_EIL_1__01_01_1990,WUDEN__BIRD_EXCHNG_TRDBL_DRVTV_PSTN_RL_EIL_1__01_01_1990,,,ELDM,EIL,WUDEN,1990-01-01,9999-12-31
WUDEN__BIRD_SHRT_SCRTY_PSTN_PRDNTL_PRTFL_ASSGNMNT_EIL_1__01_01_1990,WUDEN__BIRD_SHRT_SCRTY_PSTN_PRDNTL_PRTFL_ASSGNMNT_EIL_1__01_01_1990,,,ELDM,EIL,WUDEN,1990-01-01,9999-12-31
WUDEN__BIRD_FNDMNTL_RVW_TRDNG_BK_STNDRD_APPRCH_RSK_MSR_ETD_PSTNS_EIL_1__01_01_1990,WUDEN__BIRD_FNDMNTL_RVW_TRDNG_BK_STNDRD_APPRCH_RSK_MSR_ETD_PSTNS_EIL_1__01_01_1990,,,ELDM,EIL,WUDEN,1990-01-01,9999-12-31
WUDEN__BIRD_ETD_LBLTY_PSTN_SNTHTC_SCRTSTN_ASSGNMNT_EIL_1__01_01_1990,WUDEN__BIRD_ETD_LBLTY_PSTN_SNTHTC_SCRTSTN_ASSGNMNT_EIL_1__01_01_1990,,,ELDM,EIL,WUDEN,1990-01-01,9999-12-31
WUDEN__BIRD_SGNFCNT_CRRNCY_DPRCTN_CNTNGNT_ENCMBRNC_EIL_1__01_01_1990,WUDEN__BIRD_SGNFCNT_CRRNCY_DPRCTN_CNTNGNT_ENCMBRNC_EIL_1__01_01_1990,,,ELDM,EIL,WUDEN,1990-01-01,9999-12-31
WUDEN__BIRD_SCRTY_SCRTY_RPRCHS_AGRMNT_CMPNNT_ASSGNMNT_EIL_1__01_01_1990,WUDEN__BIRD_SCRTY_SCRTY_RPRCHS_AGRMNT_CMPNNT_ASSGNMNT_EIL_1__01_01_1990,,,ELDM,EIL,WUDEN,1990-01-01,9999-12-31
WUDEN__BIRD_SCRTY_HDGD_EXCHNG_TRDBL_DRVTV_EIL_1__01_01_1990,WUDEN__BIRD_SCRTY_HDGD_EXCHNG_TRDBL_DRVTV_EIL_1__01_01_1990,,,ELDM,EIL,WUDEN,1990-01-01,9999-12-31
WUDEN__BIRD_MSTR_AGRMNT_FNNCL_CNTRCT_ASSGNMNT_EIL_1__01_01_1990,WUDEN__BIRD_MSTR_AGRMNT_FNNCL_CNTRCT_ASSGNMNT_EIL_1__01_01_1990,,,ELDM,EIL,WUDEN,1990-01-01,9999-12-31
WUDEN__BIRD_CRDT_FCLTY_CLLTRL_RCVD_INSTRMNT_ASSGNMNT_EIL_1__01_01_1990,WUDEN__BIRD_CRDT_FCLTY_CLLTRL_RCVD_INSTRMNT_ASSGNMNT_EIL_1__01_01_1990,,,ELDM,EIL,WUDEN,1990-01-01,9999-12-31
WUDEN__BIRD_LNG_SCRTY_PSTN_PRDNTL_PRTFL_ASSGNMNT_RSK_DT_EIL_1__01_01_1990,WUDEN__BIRD_LNG_SCRTY_PSTN_PRDNTL_PRTFL_ASSGNMNT_RSK_DT_EIL_1__01_01_1990,,,ELDM,EIL,WUDEN,1990-01-01,9999-12-31
WUDEN__BIRD_BLNC_SHT_NTTNG_EIL_1__01_01_1990,WUDEN__BIRD_BLNC_SHT_NTTNG_EIL_1__01_01_1990,,,ELDM,EIL,WUDEN,1990-01-01,9999-12-31
WUDEN__BIRD_SCRTY_PSTN_HDGD_OTC_DRVTV_EIL_1__01_01_1990,WUDEN__BIRD_SCRTY_PSTN_HDGD_OTC_DRVTV_EIL_1__01_01_1990,,,ELDM,EIL,WUDEN,1990-01-01,9999-12-31
WUDEN__BIRD_FNNCL_GRNT_INSTRMNT_DBT_SCRT_DBT_SCRTY_ASSGNMNT_EIL_1__01_01_1990,WUDEN__BIRD_FNNCL_GRNT_INSTRMNT_DBT_SCRT_DBT_SCRTY_ASSGNMNT_EIL_1__01_01_1990,,,ELDM,EIL,WUDEN,1990-01-01,9999-12-31
WUDEN__BIRD_RTNG_GRD_CNTRY_ASSGNMNT_EIL_1__01_01_1990,WUDEN__BIRD_RTNG_GRD_CNTRY_ASSGNMNT_EIL_1__01_01_1990,,,ELDM,EIL,WUDEN,1990-01-01,9999-12-31
WUDEN__BIRD_NN_FNNCL_LBLTY_EIL_1__01_01_1990,WUDEN__BIRD_NN_FNNCL_LBLTY_EIL_1__01_01_1990,,,ELDM,EIL,WUDEN,1990-01-01,9999-12-31
WUDEN__BIRD_SNTHTC_SCRTSTN_EIL_1__01_01_1990,WUDEN__BIRD_SNTHTC_SCRTSTN_EIL_1__01_01_1990,,,ELDM,EIL,WUDEN,1990-01-01,9999-12-31
WUDEN__BIRD_SCRTY_ENTTY_RL_ASSGNMNT_EIL_1__01_01_1990,WUDEN__BIRD_SCRTY_ENTTY_RL_ASSGNMNT_EIL_1__01_01_1990,,,ELDM,EIL,WUDEN,1990-01-01,9999-12-31
WUDEN__BIRD_RTNG_GRD_EIL_1__01_01_1990,WUDEN__BIRD_RTNG_GRD_EIL_1__01_01_1990,,,ELDM,EIL,WUDEN,1990-01-01,9999-12-31
WUDEN__BIRD_DBT_SCRTY_ISSD_TRDTNL_SCRTSTN_ASSGNMNT_EIL_1__01_01_1990,WUDEN__BIRD_DBT_SCRTY_ISSD_TRDTNL_SCRTSTN_ASSGNMNT_EIL_1__01_01_1990,,,ELDM,EIL,WUDEN,1990-01-01,9999-12-31
WUDEN__BIRD_CRDT_RSK_MTGTN_ASSGNMNT_EIL_1__01_01_1990,WUDEN__BIRD_CRDT_RSK_MTGTN_ASSGNMNT_EIL_1__01_01_1990,,,ELDM,EIL,WUDEN,1990-01-01,9999-12-31
WUDEN__BIRD_OTC_DRVTV_HDG_EIL_1__01_01_1990,WUDEN__BIRD_OTC_DRVTV_HDG_EIL_1__01_01_1990,,,ELDM,EIL,WUDEN,1990-01-01,9999-12-31
WUDEN__BIRD_PRTY_CD_EIL_1__01_01_1990,WUDEN__BIRD_PRTY_CD_EIL_1__01_01_1990,,,ELDM,EIL,WUDEN,1990-01-01,9999-12-31
WUDEN__BIRD_FNNCL_CNTRCT_EIL_1__01_01_1990,WUDEN__BIRD_FNNCL_CNTRCT_EIL_1__01_01_1990,,,ELDM,EIL,WUDEN,1990-01-01,9999-12-31
WUDEN__BIRD_INSTRMNT_CLLTRL_ASSGNMNT_EIL_1__01_01_1990,WUDEN__BIRD_INSTRMNT_CLLTRL_ASSGNMNT_EIL_1__01_01_1990,,,ELDM,EIL,WUDEN,1990-01-01,9999-12-31
WUDEN__BIRD_RTNG_SYSTM_APPLD_LGL_PRSN_EIL_1__01_01_1990,WUDEN__BIRD_RTNG_SYSTM_APPLD_LGL_PRSN_EIL_1__01_01_1990,,,ELDM,EIL,WUDEN,1990-01-01,9999-12-31
WUDEN__BIRD_LN_EXCLDNG_RPRCHS_AGRMNT_AND_ADVNC_HDG_EIL_1__01_01_1990,WUDEN__BIRD_LN_EXCLDNG_RPRCHS_AGRMNT_AND_ADVNC_HDG_EIL_1__01_01_1990,,,ELDM,EIL,WUDEN,1990-01-01,9999-12-31
WUDEN__BIRD_CVRD_BND_PRGRM_EIL_1__01_01_1990,WUDEN__BIRD_CVRD_BND_PRGRM_EIL_1__01_01_1990,,,ELDM,EIL,WUDEN,1990-01-01,9999-12-31
WUDEN__BIRD_CLLTRL_GVN_INSTRMNT_DBT_SCRTY_ISSD_ASSGNMNT_EIL_1__01_01_1990,WUDEN__BIRD_CLLTRL_GVN_INSTRMNT_DBT_SCRTY_ISSD_ASSGNMNT_EIL_1__01_01_1990,,,ELDM,EIL,WUDEN,1990-01-01,9999-12-31
WUDEN__BIRD_ASST_PL_DBT_SCRTY_PSTN_ASSGNMNT_EIL_1__01_01_1990,WUDEN__BIRD_ASST_PL_DBT_SCRTY_PSTN_ASSGNMNT_EIL_1__01_01_1990,,,ELDM,EIL,WUDEN,1990-01-01,9999-12-31
WUDEN__BIRD_CRDT_FCLTY_CLLTRL_ASSGNMNT_EIL_1__01_01_1990,WUDEN__BIRD_CRDT_FCLTY_CLLTRL_ASSGNMNT_EIL_1__01_01_1990,,,ELDM,EIL,WUDEN,1990-01-01,9999-12-31
WUDEN__BIRD_OTHR_PRTY_ID_EIL_1__01_01_1990,WUDEN__BIRD_OTHR_PRTY_ID_EIL_1__01_01_1990,,,ELDM,EIL,WUDEN,1990-01-01,9999-12-31
WUDEN__BIRD_SCRTY_LNDNG_CMPNNT_SCRTY_ASSGNMNT_EIL_1__01_01_1990,WUDEN__BIRD_SCRTY_LNDNG_CMPNNT_SCRTY_ASSGNMNT_EIL_1__01_01_1990,,,ELDM,EIL,WUDEN,1990-01-01,9999-12-31
WUDEN__BIRD_RTNG_AGNCY_EXCSS_MTHDLGY_CVRD_BND_PRGRMM_ASSGNMNT_EIL_1__01_01_1990,WUDEN__BIRD_RTNG_AGNCY_EXCSS_MTHDLGY_CVRD_BND_PRGRMM_ASSGNMNT_EIL_1__01_01_1990,,,ELDM,EIL,WUDEN,1990-01-01,9999-12-31
WUDEN__BIRD_IMMDT_PRNT_ENTRPRS_ASSGNMNT_EIL_1__01_01_1990,WUDEN__BIRD_IMMDT_PRNT_ENTRPRS_ASSGNMNT_EIL_1__01_01_1990,,,ELDM,EIL,WUDEN,1990-01-01,9999-12-31
WUDEN__BIRD_PRTCTN_PRTCTN_PRVD_ASSGNMNT_EIL_1__01_01_1990,WUDEN__BIRD_PRTCTN_PRTCTN_PRVD_ASSGNMNT_EIL_1__01_01_1990,,,ELDM,EIL,WUDEN,1990-01-01,9999-12-31
WUDEN__BIRD_CLLTRL_RL_EIL_1__01_01_1990,WUDEN__BIRD_CLLTRL_RL_EIL_1__01_01_1990,,,ELDM,EIL,WUDEN,1990-01-01,9999-12-31
WUDEN__BIRD_RTNG_GRD_ISS_BSD_RTNG_SSTM_DBT_SCRTY_ASSGNMNT_EIL_1__01_01_1990,WUDEN__BIRD_RTNG_GRD_ISS_BSD_RTNG_SSTM_DBT_SCRTY_ASSGNMNT_EIL_1__01_01_1990,,,ELDM,EIL,WUDEN,1990-01-01,9999-12-31
WUDEN__BIRD_FR_VL_DCRS_CNTNGNT_ENCMBRNC_EIL_1__01_01_1990,WUDEN__BIRD_FR_VL_DCRS_CNTNGNT_ENCMBRNC_EIL_1__01_01_1990,,,ELDM,EIL,WUDEN,1990-01-01,9999-12-31
WUDEN__BIRD_CVRD_BND_PRGRMM_RLVNT_RGM_EXCSS_EIL_1__01_01_1990,WUDEN__BIRD_CVRD_BND_PRGRMM_RLVNT_RGM_EXCSS_EIL_1__01_01_1990,,,ELDM,EIL,WUDEN,1990-01-01,9999-12-31
WUDEN__BIRD_FNDMNTL_RVW_TRDNG_BK_STNDRD_APPRCH_RSK_MSR_OTC_PSTNS_EIL_1__01_01_1990,WUDEN__BIRD_FNDMNTL_RVW_TRDNG_BK_STNDRD_APPRCH_RSK_MSR_OTC_PSTNS_EIL_1__01_01_1990,,,ELDM,EIL,WUDEN,1990-01-01,9999-12-31
WUDEN__BIRD_RTNG_AGNCY_EIL_1__01_01_1990,WUDEN__BIRD_RTNG_AGNCY_EIL_1__01_01_1990,,,ELDM,EIL,WUDEN,1990-01-01,9999-12-31
WUDEN__BIRD_SYNDCTD_CNTRCT_EIL_1__01_01_1990,WUDEN__BIRD_SYNDCTD_CNTRCT_EIL_1__01_01_1990,,,ELDM,EIL,WUDEN,1990-01-01,9999-12-31
WUDEN__BIRD_SCRTY_LNDNG_CMPNNT_SCRTY_ASSGNMNT_IL_1__01_01_1990,WUDEN__BIRD_SCRTY_LNDNG_CMPNNT_SCRTY_ASSGNMNT_IL_1__01_01_1990,,,LDM,IL,WUDEN,1990-01-01,9999-12-31
WUDEN__BIRD_RTNG_AGNCY_EXCSS_MTHDLGY_CVRD_BND_PRGRMM_ASSGNMNT_IL_1__01_01_1990,WUDEN__BIRD_RTNG_AGNCY_EXCSS_MTHDLGY_CVRD_BND_PRGRMM_ASSGNMNT_IL_1__01_01_1990,,,LDM,IL,WUDEN,1990-01-01,9999-12-31
WUDEN__BIRD_CVRD_BND_PRGRMM_RLVNT_RGM_EXCSS_IL_1__01_01_1990,WUDEN__BIRD_CVRD_BND_PRGRMM_RLVNT_RGM_EXCSS_IL_1__01_01_1990,,,LDM,IL,WUDEN,1990-01-01,9999-12-31
WUDEN__BIRD_CLLTRL_RL_IL_1__01_01_1990,WUDEN__BIRD_CLLTRL_RL_IL_1__01_01_1990,,,LDM,IL,WUDEN,1990-01-01,9999-12-31
WUDEN__BIRD_FR_VL_DCRS_CNTNGNT_ENCMBRNC_IL_1__01_01_1990,WUDEN__BIRD_FR_VL_DCRS_CNTNGNT_ENCMBRNC_IL_1__01_01_1990,,,LDM,IL,WUDEN,1990-01-01,9999-12-31